SALE TYPE,SOLD DATE,PROPERTY TYPE,ADDRESS,CITY,STATE OR PROVINCE,ZIP OR POSTAL CODE,PRICE,BEDS,BATHS,LOCATION,SQUARE FEET,LOT SIZE,YEAR BUILT,DAYS ON MARKET,$/SQUARE FEET,HOA/MONTH,STATUS,NEXT OPEN HOUSE START TIME,NEXT OPEN HOUSE END TIME,URL (SEE https://www.redfin.com/buy-a-home/comparative-market-analysis FOR INFO ON PRICING),SOURCE,MLS#,FAVORITE,INTERESTED,LATITUDE,LONGITUDE
MLS Listing,,Single Family Residential,1476 Garden Rd,Weston,FL,33326,465000,2,2,COUNTRY ISLES GARDEN HOME,971,3263,1988,2,479,117,Active,February-26-2022 02:00 PM,February-26-2022 05:00 PM,https://www.redfin.com/FL/Weston/1476-Garden-Rd-33326/home/41733431,MARMLS,A11161439,N,Y,26.1019697,-80.3728027
MLS Listing,,Single Family Residential,6341 NE 20th Ter,Fort Lauderdale,FL,33308,1150000,4,3,IMPERIAL POINT 4TH SEC,2166,7810,1963,2,531,,Active,,,https://www.redfin.com/FL/Fort-Lauderdale/6341-NE-20th-Ter-33308/home/41649809,MARMLS,A11161134,N,Y,26.2061559,-80.1198057
MLS Listing,,Townhouse,4738 Sundance Way,Davie,FL,33328,425000,3,2.5,SADDLE BRIDGE,1696,,2009,3,251,185,Active,,,https://www.redfin.com/FL/Davie/4738-Sundance-Way-33328/home/42079193,MARMLS,A11163135,N,Y,26.062736,-80.249863
MLS Listing,,Multi-Family (2-4 Unit),3820 NW 110th Ave,Coral Springs,FL,33065,585000,5,4,WINDINGS,2573,,1972,4,227,,Active,,,https://www.redfin.com/FL/Coral-Springs/3820-NW-110th-Ave-33065/unit-1-2/home/41420672,MARMLS,A11161829,N,Y,26.2778853,-80.2732056
MLS Listing,,Single Family Residential,3617 NE 24th Ave,Fort Lauderdale,FL,33308,1475000,3,3,CORAL RIDGE COUNTRY CLUB,2613,10000,1966,17,564,,Active,,,https://www.redfin.com/FL/Fort-Lauderdale/3617-NE-24th-Ave-33308/home/41672743,MARMLS,A11153195,N,Y,26.1724876,-80.1170137
MLS Listing,,Condo/Co-op,14917 SW 15th St #14917,Pembroke Pines,FL,33027,405000,3,2.5,ENCINO AT GRAND PALMS CON,1690,,1990,79,240,702,Active,,,https://www.redfin.com/FL/Pembroke-Pines/14917-SW-15th-St-33027/unit-14917/home/41851499,MARMLS,A11133226,N,Y,25.996723,-80.34526
MLS Listing,,Single Family Residential,709 Idlewyld Dr,Fort Lauderdale,FL,33301,14995000,9,11.5,Idlewyld 1-19 B,21756,26823,2001,1,689,,Active,,,https://www.redfin.com/FL/Fort-Lauderdale/709-Idlewyld-Dr-33301/home/41803238,Beaches MLS,F10319639,N,Y,26.1135272,-80.1101859
MLS Listing,,Multi-Family (2-4 Unit),1109 NE 17th Ter,Fort Lauderdale,FL,33304,679900,3,3,Progresso 2-18 D,1490,,1952,1,456,,Active,,,https://www.redfin.com/FL/Fort-Lauderdale/1109-NE-17th-Ter-33304/home/41691189,Beaches MLS,F10319846,N,Y,26.1395524,-80.1252191
MLS Listing,,Single Family Residential,9796 NW 19th St,Coral Springs,FL,33071,675000,4,2,Maplewood,2378,10651,1978,1,284,,Active,,,https://www.redfin.com/FL/Coral-Springs/9796-NW-19th-St-33071/home/41441803,Beaches MLS,RX-10779774,N,Y,26.2564694,-80.2564821
MLS Listing,,Condo/Co-op,5003 NW 35th St #606,Lauderdale Lakes,FL,33319,85000,1,1,ALOHA GARDENS CONDO,684,,1972,1,124,240,Active,,,https://www.redfin.com/FL/Lauderdale-Lakes/5003-NW-35th-St-33319/unit-606/home/41592436,MARMLS,A11166396,N,Y,26.170012,-80.217138
MLS Listing,,Single Family Residential,6551 Sherman St,Hollywood,FL,33024,485000,3,2,Driftwood Plaza 49-26 B,1333,6450,1959,1,364,,Pre On-Market,,,https://www.redfin.com/FL/Hollywood/6551-Sherman-St-33024/home/41878078,Beaches MLS,F10320106,N,Y,26.0313368,-80.2195612
MLS Listing,,Single Family Residential,1040 NW 72nd Ter,Margate,FL,33063,325900,2,2,Paradise Gardens Sec 4 76,1169,4087,1973,1,279,67,Active,,,https://www.redfin.com/FL/Margate/1040-NW-72nd-Ter-33063/home/41450675,Beaches MLS,F10319923,N,Y,26.2416168,-80.2218706
MLS Listing,,Condo/Co-op,405 N Ocean Blvd #1830,Pompano Beach,FL,33062,475000,2,2,Parliament House,1265,,1970,1,375,772,Active,,,https://www.redfin.com/FL/Pompano-Beach/405-N-Ocean-Blvd-33062/unit-1830/home/41532716,Beaches MLS,F10320095,N,Y,26.2385613,-80.0895466
MLS Listing,,Condo/Co-op,141 SE 3rd Ave #102,Dania,FL,33004,270000,2,2,Meadowbrook Lakes,1190,,1980,1,227,387,Active,,,https://www.redfin.com/FL/Dania-Beach/141-SE-3rd-Ave-33004/unit-102/home/41822717,Beaches MLS,F10320104,N,Y,26.0491595,-80.1388895
MLS Listing,,Single Family Residential,620 NE 7th St,Pompano Beach,FL,33060,719000,5,3,Old Pompano,2858,17927,1960,1,252,,Active,,,https://www.redfin.com/FL/Pompano-Beach/620-NE-7th-St-33060/home/41504621,Beaches MLS,F10320098,N,Y,26.2377292,-80.1177772
MLS Listing,,Condo/Co-op,4240 Galt Ocean Dr #2401,Fort Lauderdale,FL,33308,1299999,3,2,L'ambiance,1836,,2003,1,708,1523,Active,,,https://www.redfin.com/FL/Fort-Lauderdale/4240-Galt-Ocean-Dr-33308/unit-2401/home/42010731,Beaches MLS,F10319993,N,Y,26.1795477,-80.0972269
MLS Listing,,Condo/Co-op,401 SW 4th Ave #401,Fort Lauderdale,FL,33315,469900,2,2,Esplanade,1227,,2004,1,383,875,Active,,,https://www.redfin.com/FL/Fort-Lauderdale/401-SW-4th-Ave-33315/unit-401/home/42017297,Beaches MLS,F10319892,N,Y,26.1183861,-80.1476922
MLS Listing,,Single Family Residential,2161 NW 123rd Ave,Plantation,FL,33323,325000,,,APPALOOSA ACRES,,21824,,1,,,Active,,,https://www.redfin.com/FL/Plantation/2161-NW-123rd-Ave-33323/home/41533841,MARMLS,A11166370,N,Y,26.153786,-80.312578
MLS Listing,,Single Family Residential,16220 Emerald Cove Rd #16220,Weston,FL,33331,375000,2,2,EMERALD COURTS - OPAL CRE,1189,,1995,1,315,255,Active,,,https://www.redfin.com/FL/Weston/16220-Emerald-Cove-Rd-33331/unit-16220/home/104365905,MARMLS,A11166498,N,Y,26.0720532,-80.3656692
MLS Listing,,Multi-Family (2-4 Unit),1116 NE 12th Ave,Fort Lauderdale,FL,33304,900000,4,4,Progresso 2-18 D,2540,,1951,1,354,,Active,,,https://www.redfin.com/FL/Fort-Lauderdale/1116-NE-12th-Ave-33304/unit-1-3/home/41689280,Beaches MLS,F10319753,N,Y,26.1396666,-80.1312886
MLS Listing,,Condo/Co-op,150 NE 15th Ave #152,Fort Lauderdale,FL,33301,249900,1,1,Pine Crest Village 11,625,,1971,1,400,334,Active,,,https://www.redfin.com/FL/Fort-Lauderdale/150-NE-15th-Ave-33301/unit-152/home/42027889,Beaches MLS,F10320085,N,Y,26.1238086,-80.128407
MLS Listing,,Multi-Family (2-4 Unit),1110 NE 12th Ave,Fort Lauderdale,FL,33304,900000,2,2,Progresso 2-18 D,1259,,1954,1,715,,Active,,,https://www.redfin.com/FL/Fort-Lauderdale/1110-NE-12th-Ave-33304/unit-1-2/home/41689281,Beaches MLS,F10320044,N,Y,26.1394525,-80.1314574
MLS Listing,,Single Family Residential,7511 Farragut St,Hollywood,FL,33024,415000,3,2,DRIFTWOOD ESTATES NO 29,1190,7348,1964,1,349,,Active,,,https://www.redfin.com/FL/Hollywood/7511-Farragut-St-33024/home/41871339,MARMLS,A11164482,N,Y,26.0336429,-80.2390493
MLS Listing,,Condo/Co-op,336 SW 1st St Unit B-4,Pompano Beach,FL,33060,150000,2,2,PARKWAY GARDENS 2 CONDO,845,,1975,1,178,375,Active,,,https://www.redfin.com/FL/Pompano-Beach/336-SW-1st-St-33060/unit-B-4/home/41632940,MARMLS,A11162846,N,Y,26.2308246,-80.1299156
MLS Listing,,Condo/Co-op,5100 N Ocean Blvd #414,Lauderdale By The Sea,FL,33308,885000,2,2,Sea Ranch Club A,1700,,1976,1,521,1134,Active,,,https://www.redfin.com/FL/Lauderdale-By-The-Sea/5100-N-Ocean-Blvd-33308/unit-414/home/42046421,Beaches MLS,F10319809,N,Y,26.1998924,-80.0949142
MLS Listing,,Condo/Co-op,7667 S Old Thyme Ct S Unit 7d,Parkland,FL,33076,849000,3,2,Caseras AT Parkland Golf & Country Club Condo,2288,,2003,1,371,479,Active,,,https://www.redfin.com/FL/Parkland/7667-Old-Thyme-Ct-33076/unit-7D/home/42016053,Beaches MLS,RX-10779737,N,Y,26.324773,-80.2543488
MLS Listing,,Condo/Co-op,2115 NE 42nd Ct Unit 203 N,Lighthouse Point,FL,33064,120000,1,1,Venetian Park Gardens,750,,1965,1,160,269,Active,,,https://www.redfin.com/FL/Lighthouse-Point/2115-NE-42nd-Ct-33064/unit-203N/home/41518934,Beaches MLS,RX-10779732,N,Y,26.2846085,-80.0945651
MLS Listing,,Single Family Residential,13221 SW 29th Ct,Davie,FL,33330,1450000,5,4,PARMA ESTATES,3288,36302,1995,1,441,60,Active,,,https://www.redfin.com/FL/Davie/13221-SW-29th-Ct-33330/home/41739301,MARMLS,A11166459,N,Y,26.083853,-80.325271
MLS Listing,,Single Family Residential,2707 Cypress Mnr,Weston,FL,33332,1625000,6,5,CYPRESS,3966,16500,1994,1,410,526,Active,,,https://www.redfin.com/FL/Weston/2707-Cypress-Mnr-33332/home/41717899,MARMLS,A11165529,N,Y,26.0847818,-80.3960258
MLS Listing,,Condo/Co-op,200 Berkley Rd #127,Hollywood,FL,33024,174900,2,2,VILLAS OF CARRIAGE HILLS,1015,,1980,1,172,410,Active,,,https://www.redfin.com/FL/Hollywood/200-Berkley-Rd-33024/unit-127/home/41866177,MARMLS,A11166485,N,Y,26.0432061,-80.228428
MLS Listing,,Single Family Residential,17601 SW 65th Ct,Southwest Ranches,FL,33331,1750000,4,3,CHAMBERS SUB,3253,101495,1975,1,538,7,Active,,,https://www.redfin.com/FL/Southwest-Ranches/17601-Greenbriar-Mnr-33331/home/41828085,MARMLS,A11166478,N,Y,26.0380993,-80.3833061
MLS Listing,,Townhouse,12367 SW 52nd Ct #12367,Cooper City,FL,33330,310000,2,2.5,FLAMINGO GARDENS PH 4,1223,,1986,1,253,135,Active,,,https://www.redfin.com/FL/Cooper-City/12367-SW-52nd-Ct-33330/unit-12367/home/178437990,MARMLS,A11166471,N,Y,26.0540719,-80.3125297
MLS Listing,,Condo/Co-op,1977 SW 15th St #116,Deerfield Beach,FL,33442,236900,2,2,Meadowridge East,1150,,1983,1,206,391,Pre On-Market,,,https://www.redfin.com/FL/Deerfield-Beach/1977-SW-15th-St-33442/unit-116/home/41472620,Beaches MLS,F10319938,N,Y,26.2994123,-80.1298716
MLS Listing,,Condo/Co-op,1977 SW 15th St #114,Deerfield Beach,FL,33442,239900,2,2,Meadowridge East,1150,,1983,1,209,391,Pre On-Market,,,https://www.redfin.com/FL/Deerfield-Beach/1977-SW-15th-St-33442/unit-114/home/41471606,Beaches MLS,F10319932,N,Y,26.2994123,-80.1298716
MLS Listing,,Condo/Co-op,7501 NW 16th St #3211,Plantation,FL,33313,199888,3,2,VILLAGE SQUARE CONDO,1275,,1976,1,157,497,Active,,,https://www.redfin.com/FL/Plantation/7501-NW-16th-St-33313/unit-3211/home/41621915,MARMLS,A11165488,N,Y,26.1450789,-80.2498013
MLS Listing,,Multi-Family (2-4 Unit),716 NE 17th Ter NE,Fort Lauderdale,FL,33304,1100000,3,2,Sec 2-50-42,1586,7250,1953,1,694,,Active,,,https://www.redfin.com/FL/Fort-Lauderdale/716-NE-17th-Ter-33304/home/41784596,Beaches MLS,RX-10779713,N,Y,26.13271,-80.124128
MLS Listing,,Single Family Residential,491 SE 7th Ave,Pompano Beach,FL,33060,950000,2,2,GARDEN ISLES SEC 8,1288,7700,1962,1,738,,Active,,,https://www.redfin.com/FL/Pompano-Beach/491-SE-7th-Ave-33060/home/41631727,MARMLS,A11166464,N,Y,26.2236757,-80.1116475
MLS Listing,,Condo/Co-op,2991 NW 46th Ave #407,Lauderdale Lakes,FL,33313,99900,1,1.5,Lauderdale Oaks,768,,1971,1,130,241,Active,,,https://www.redfin.com/FL/Lauderdale-Lakes/2991-NW-46th-Ave-33313/unit-407/home/41598376,Beaches MLS,F10320073,N,Y,26.162696,-80.210447
MLS Listing,,Condo/Co-op,1204 NE 5th Ter #1,Fort Lauderdale,FL,33304,174990,1,1,EAST SIDE VILLAS CONDO,554,,1966,1,316,256,Active,,,https://www.redfin.com/FL/Fort-Lauderdale/1204-NE-5th-Ter-33304/unit-1/home/41423933,MARMLS,A11166466,N,Y,26.1408442,-80.1383879
MLS Listing,,Condo/Co-op,1204 NE 5th Ter #2,Fort Lauderdale,FL,33304,174990,1,1,EAST SIDE VILLAS CONDO,542,,1966,1,323,251,Active,,,https://www.redfin.com/FL/Fort-Lauderdale/1204-NE-5th-Ter-33304/unit-2/home/42072090,MARMLS,A11166462,N,Y,26.1408442,-80.1383879
MLS Listing,,Single Family Residential,6224 NW 102nd Way,Parkland,FL,33076,999900,5,3,Meadow Run West 155-20 B,3055,19262,1995,1,327,233,Active,,,https://www.redfin.com/FL/Parkland/6224-NW-102nd-Way-33076/home/41405051,Beaches MLS,F10320069,N,Y,26.3074415,-80.2619698
MLS Listing,,Single Family Residential,3421 SW 13th Ct,Fort Lauderdale,FL,33312,475000,3,2,PEARL ESTATES,1199,6255,1956,1,396,,Active,February-27-2022 12:00 PM,February-27-2022 03:00 PM,https://www.redfin.com/FL/Fort-Lauderdale/3421-SW-13th-Ct-33312/home/41812419,MARMLS,A11166329,N,Y,26.1037189,-80.1919744
MLS Listing,,Condo/Co-op,1532 Whitehall Dr #304,Davie,FL,33324,129900,2,2,Whitehall,1385,,1983,1,94,481,Active,,,https://www.redfin.com/FL/Davie/1532-Whitehall-Dr-33324/unit-304/home/41770368,Beaches MLS,F10320063,N,Y,26.100076,-80.271812
MLS Listing,,Condo/Co-op,3071 Holiday Springs Blvd #103,Margate,FL,33063,119000,2,2,Golfside Ii Condo,950,,1989,1,125,375,Active,,,https://www.redfin.com/FL/Margate/3071-Holiday-Springs-Blvd-33063/unit-103/home/178437607,Beaches MLS,F10319581,N,Y,26.2633056,-80.2321749
MLS Listing,,Single Family Residential,12845 SW 50th Ct,Miramar,FL,33027,529900,3,2,Bellagio At Vizcaya 171-6,1780,5510,2002,1,298,185,Active,,,https://www.redfin.com/FL/Miramar/12845-SW-50th-Ct-33027/home/42010302,Beaches MLS,F10320062,N,Y,25.9621966,-80.3174589
MLS Listing,,Single Family Residential,8611 NW 51st Ct,Lauderhill,FL,33351,519900,3,2,West Lauderhill,1594,7510,1979,1,326,,Active,,,https://www.redfin.com/FL/Lauderhill/8611-NW-51st-Ct-33351/home/41574862,Beaches MLS,F10320037,N,Y,26.1883195,-80.2658894
MLS Listing,,Single Family Residential,3330 NW 69th St,Fort Lauderdale,FL,33309,499900,3,2,PALM-AIRE VILLAGE 2 SEC A,1816,6703,1974,1,275,,Active,,,https://www.redfin.com/FL/Fort-Lauderdale/3330-NW-69th-St-33309/home/41645344,MARMLS,A11166445,N,Y,26.2078427,-80.1935
MLS Listing,,Single Family Residential,10744 NW 8th Ct,Coral Springs,FL,33071,549500,3,2,Cypress Run,1715,15413,1985,1,320,,Active,,,https://www.redfin.com/FL/Coral-Springs/10744-NW-8th-Ct-33071/home/41446846,Beaches MLS,RX-10779681,N,Y,26.2412945,-80.2693952
MLS Listing,,Single Family Residential,6295 Navajo Ter,Margate,FL,33063,385000,3,2.5,CORAL BAY REPLAT SEC 1,1222,2871,1996,1,315,14,Active,,,https://www.redfin.com/FL/Margate/6295-Navajo-Ter-33063/home/41436050,MARMLS,A11166440,N,Y,26.2706699,-80.2093207
MLS Listing,,Single Family Residential,5708 NW 64 Ter,Tamarac,FL,33321,350000,3,2,Mainlands Of Tamarac Lake,1354,5503,1969,1,258,63,Active,,,https://www.redfin.com/FL/Tamarac/5708-NW-64th-Ter-33321/home/41558687,Beaches MLS,RX-10779676,N,Y,26.1957417,-80.2363355
MLS Listing,,Condo/Co-op,4191 NW 41st St #319,Lauderdale Lakes,FL,33319,150400,2,2,Oakland Estates,1056,,1973,1,142,365,Active,,,https://www.redfin.com/FL/Lauderdale-Lakes/4191-NW-41st-St-33319/unit-319/home/41595207,Beaches MLS,F10319181,N,Y,26.1767452,-80.2055634
MLS Listing,,Single Family Residential,581 Lakeside Cir,Sunrise,FL,33326,475000,3,2,New River Estates Sec 3,1460,5642,1986,1,325,88,Pre On-Market,,,https://www.redfin.com/FL/Sunrise/581-Lakeside-Cir-33326/home/41730496,Beaches MLS,F10320060,N,Y,26.1137876,-80.3602317
MLS Listing,,Condo/Co-op,1951 NE 39th St #240,Lighthouse Point,FL,33064,129000,1,1.5,Lighthouse Pt Gardens No,700,,1966,1,184,301,Active,,,https://www.redfin.com/FL/Lighthouse-Point/1951-NE-39th-St-33064/unit-240/home/41518116,Beaches MLS,F10319875,N,Y,26.2805666,-80.0955251
MLS Listing,,Single Family Residential,320 Carolina Ave,Fort Lauderdale,FL,33312,405000,5,2.5,Melrose Park Sec 1 27-6 B,1624,12493,1950,1,249,,Active,,,https://www.redfin.com/FL/Fort-Lauderdale/320-Carolina-Ave-33312/home/41794326,Beaches MLS,F10320057,N,Y,26.1176804,-80.1870052
MLS Listing,,Condo/Co-op,7807 Golf Cir Dr #309,Margate,FL,33063,145000,2,2,ORIOLE GOLF & TENNIS CLUB,930,,1973,1,156,334,Active,,,https://www.redfin.com/FL/Margate/7807-Golf-Cir-Dr-33063/unit-309/home/41457019,MARMLS,A11164767,N,Y,26.2449511,-80.2255524
MLS Listing,,Condo/Co-op,920 Intracoastal Dr #1503,Fort Lauderdale,FL,33304,3800000,3,3.5,Aquablu,3258,,2019,1,1166,2550,Active,,,https://www.redfin.com/FL/Fort-Lauderdale/920-Intracoastal-Dr-33304/unit-1503/home/79869620,Beaches MLS,F10320058,N,Y,26.1356673,-80.1096406
MLS Listing,,Multi-Family (2-4 Unit),223 SW 3rd Ct,Deerfield Beach,FL,33441,550000,,,CARVER HEIGHTS,2432,,1960,1,226,,Active,,,https://www.redfin.com/FL/Deerfield-Beach/223-SW-3rd-Ct-33441/unit-A-D/home/41455588,MARMLS,A11163060,N,Y,26.3135139,-80.1059101
MLS Listing,,Single Family Residential,5430 S Lakewood Cir S,Margate,FL,33063,299999,2,2,LAKEWOOD ON THE GREEN SEC,984,3853,1978,1,305,137,Active,,,https://www.redfin.com/FL/Margate/5430-Lakewood-Cir-S-33063/unit-C/home/41498325,MARMLS,A11166376,N,Y,26.2313477,-80.1978586
MLS Listing,,Townhouse,920 Doveplum Ct,Hollywood,FL,33021,490000,3,3,Broward,1748,,1997,1,280,666,Active,,,https://www.redfin.com/FL/Hollywood/920-Doveplum-Ct-33019/home/41935850,SCMLS,928026,N,Y,26.026831,-80.124808
MLS Listing,,Single Family Residential,925 NE 23rd Ter,Pompano Beach,FL,33062,599000,3,1.5,Beachway Estates,1700,11623,1953,1,352,,Active,,,https://www.redfin.com/FL/Pompano-Beach/925-NE-23rd-Ter-33062/home/41523857,Beaches MLS,RX-10779665,N,Y,26.2415176,-80.1002596
MLS Listing,,Single Family Residential,2633 NE 3rd Ave,Wilton Manors,FL,33334,1090000,4,4,Sunset Manors Amd 27-26 B,2550,10802,1952,1,427,,Active,,,https://www.redfin.com/FL/Wilton-Manors/2633-NE-3rd-Ave-33334/home/41678447,Beaches MLS,F10320030,N,Y,26.1604238,-80.1424658
MLS Listing,,Single Family Residential,720 N 68th Ter,Hollywood,FL,33024,315000,3,1,BOULEVARD HEIGHTS SEC 3,920,6000,1958,1,342,,Active,,,https://www.redfin.com/FL/Hollywood/720-N-68th-Ter-33024/home/41883973,MARMLS,A11161669,N,Y,26.0158238,-80.2253563
MLS Listing,,Condo/Co-op,120 Golden Isles Dr Unit 42B,Hallandale Beach,FL,33009,449900,2,2,GOLDEN ISLES TOWERS CONDO,1080,,1967,1,417,533,Active,,,https://www.redfin.com/FL/Hallandale-Beach/120-Golden-Isles-Dr-33009/unit-42B/home/41962821,MARMLS,A11166405,N,Y,25.9830517,-80.1238846
MLS Listing,,Single Family Residential,12040 NW 10th St,Coral Springs,FL,33071,1099000,5,3,Isles,3356,12693,1993,1,327,271,Active,,,https://www.redfin.com/FL/Coral-Springs/12040-NW-10th-St-33071/home/41445893,Beaches MLS,RX-10779659,N,Y,26.2440066,-80.2867909
MLS Listing,,Single Family Residential,8521 Pasadena Blvd,Pembroke Pines,FL,33024,549000,4,2,PASADENA LAKES WEST,2118,8401,1970,1,259,,Active,March-5-2022 01:00 PM,March-5-2022 05:00 PM,https://www.redfin.com/FL/Pembroke-Pines/8521-Pasadena-Blvd-33024/home/41877830,MARMLS,A11164989,N,Y,26.0285025,-80.2572878
MLS Listing,,Condo/Co-op,1893 S Ocean Dr #406,Hallandale Beach,FL,33009,375000,2,2,ISLANDS-MARTINIQUE CONDO,988,,1968,1,380,460,Active,,,https://www.redfin.com/FL/Hallandale-Beach/1893-S-Ocean-Dr-33009/unit-406/home/41954737,MARMLS,A11165916,N,Y,25.9826236,-80.1203074
MLS Listing,,Condo/Co-op,,Margate,FL,33063,220000,2,2,,1027,,1990,1,214,323,Active,,,https://www.redfin.com/FL/Margate/Undisclosed-address-33063/home/42050730,MARMLS,A11166065,N,Y,26.2684083,-80.2239838
MLS Listing,,Single Family Residential,4104 Hayes St,Hollywood,FL,33021,599000,3,2,HOLLYWOOD HILLS,1608,8340,1961,1,373,,Active,,,https://www.redfin.com/FL/Hollywood/4104-Hayes-St-33021/home/41923176,MARMLS,A11165947,N,Y,26.0196957,-80.1851962
MLS Listing,,Condo/Co-op,6670 Royal Palm Blvd Unit 210K,Margate,FL,33063,160000,2,2,ROYAL PARK GARDENS 2-K CO,970,,1980,1,165,378,Active,,,https://www.redfin.com/FL/Margate/6670-Royal-Palm-Blvd-33063/unit-210K/home/41436866,MARMLS,A11166393,N,Y,26.2512572,-80.2149204
MLS Listing,,Single Family Residential,838 NW 10th Ave,Dania Beach,FL,33004,550000,3,2,DANIA ESTATES,1480,6600,1972,1,372,,Active,,,https://www.redfin.com/FL/Dania-Beach/838-NW-10th-Ave-33004/home/41819243,MARMLS,A11166388,N,Y,26.062624,-80.1509918
MLS Listing,,Single Family Residential,4733 SW 35th Ave,Dania Beach,FL,33312,899999,3,3,DAVIS ISLES,1747,13000,1960,1,515,,Active,,,https://www.redfin.com/FL/Fort-Lauderdale/4733-SW-35th-Ave-33312/home/41815575,MARMLS,A11166389,N,Y,26.0635266,-80.1929333
MLS Listing,,Single Family Residential,5941 S Sable Cir,Margate,FL,33063,499000,3,2.5,GREAT HORIZONS PARK,1927,5219,1998,1,259,35,Active,February-27-2022 01:00 PM,February-27-2022 04:00 PM,https://www.redfin.com/FL/Margate/5941-S-Sable-Cir-33063/home/41434600,MARMLS,A11165311,N,Y,26.2650167,-80.2047883
MLS Listing,,Single Family Residential,7311 NW 57th Ct,Tamarac,FL,33321,309900,2,1,Mainlands Of Tamarac Lake,,,1971,1,,65,Active,,,https://www.redfin.com/FL/Tamarac/7311-NW-57th-Ct-33321/home/41561649,Beaches MLS,F10320042,N,Y,26.1955279,-80.24862
MLS Listing,,Single Family Residential,10720 SW 10th Ct,Davie,FL,33324,549999,4,2.5,SCARBOROUGH 11,1895,3100,1991,1,290,99,Active,,,https://www.redfin.com/FL/Davie/10720-SW-10th-Ct-33324/home/41755181,MARMLS,A11166378,N,Y,26.1062409,-80.2895992
MLS Listing,,Single Family Residential,7101 NW 58th St,Tamarac,FL,33321,269000,2,1.5,MAINLANDS OF TAMARAC LAKE,1082,4165,1970,1,249,57,Active,,,https://www.redfin.com/FL/Tamarac/7101-NW-58th-St-33321/home/41559993,MARMLS,A11166133,N,Y,26.196642,-80.2455273
MLS Listing,,Single Family Residential,5321 NE 10th Ave,Deerfield Beach,FL,33064,399900,5,2,Park Manor 52-10 B,1646,6300,1961,1,243,,Active,,,https://www.redfin.com/FL/Pompano-Beach/5321-NE-10th-Ave-33064/home/41477371,Beaches MLS,F10320031,N,Y,26.2965494,-80.1100987
MLS Listing,,Multi-Family (2-4 Unit),87 Isle Of Venice Dr,Fort Lauderdale,FL,33301,8900000,2,2,Nurmi Isles Island 4 24-4,3479,,1953,1,2558,,Active,,,https://www.redfin.com/FL/Fort-Lauderdale/87-Isle-of-Venice-Dr-33301/unit-1/home/41784495,Beaches MLS,F10319468,N,Y,26.1237957,-80.12082
MLS Listing,,Single Family Residential,812 SE 16th Pl,Deerfield Beach,FL,33441,634000,3,2,Eastway Park Sec 4 52-22,1525,7000,1961,1,416,,Active,,,https://www.redfin.com/FL/Deerfield-Beach/812-SE-16th-Pl-33441/home/42046885,Beaches MLS,F10320021,N,Y,26.2955013,-80.0920123
MLS Listing,,Condo/Co-op,3061 Oakridge F #3061,Deerfield Beach,FL,33442,145000,2,2,Century Village East,983,,1977,1,148,478,Pre On-Market,,,https://www.redfin.com/FL/Deerfield-Beach/3061-Oakridge-F-33442/unit-3061/home/178429987,Beaches MLS,F10320029,N,Y,26.306809,-80.14315
MLS Listing,,Single Family Residential,1021 SW 156th Ave,Pembroke Pines,FL,33027,1300000,4,4,HOLLYWOOD LAKES COUNTRY C,3277,14177,1994,1,397,255,Active,March-5-2022 12:00 PM,March-5-2022 04:00 PM,https://www.redfin.com/FL/Pembroke-Pines/1021-SW-156th-Ave-33027/home/41854524,MARMLS,A11166346,N,Y,26.0012636,-80.3538368
MLS Listing,,Single Family Residential,2081 Augusta,Weston,FL,33326,730000,4,2.5,COUNTRY ISLES,2476,4855,1986,1,295,143,Active,,,https://www.redfin.com/FL/Weston/2081-Augusta-33326/home/41736530,MARMLS,A11166348,N,Y,26.0930921,-80.3740206
MLS Listing,,Condo/Co-op,1149 Hillsboro Mile Unit 306N,Hillsboro Beach,FL,33062,499000,2,2,Opal Towers,1200,,1971,1,416,1188,Active,,,https://www.redfin.com/FL/Hillsboro-Beach/1149-Hillsboro-Mile-33062/unit-306N/home/178429938,Beaches MLS,F10319823,N,Y,26.292706,-80.0785709
MLS Listing,,Single Family Residential,1632 NW 11th St,Fort Lauderdale,FL,33311,379900,3,2,LAUDERDALE MANOR,1292,7987,1950,1,294,,Active,,,https://www.redfin.com/FL/Fort-Lauderdale/1632-NW-11th-St-33311/home/41684502,MARMLS,A11166334,N,Y,26.1382425,-80.1650327
MLS Listing,,Single Family Residential,3411 SW 36th St,West Park,FL,33023,499000,4,2,Lake Forest Sec 4 38-4 B,1805,8476,1957,1,276,,Active,,,https://www.redfin.com/FL/West-Park/3411-SW-36th-St-33023/home/41972942,Beaches MLS,F10315924,N,Y,25.9794738,-80.176848
MLS Listing,,Condo/Co-op,3511 Inverrary Dr #309,Lauderhill,FL,33319,115000,2,2,Las Vistas Condos,1070,,1974,1,107,542,Active,,,https://www.redfin.com/FL/Lauderhill/3511-Inverrary-Dr-33319/unit-309/home/41588979,Beaches MLS,F10320025,N,Y,26.1711423,-80.2336562
MLS Listing,,Townhouse,2004 Riverside Pl #2,Wilton Manors,FL,33305,525000,2,2.5,Townhomes Of Riverside,1172,,1994,1,448,400,Active,,,https://www.redfin.com/FL/Wilton-Manors/2004-Riverside-Pl-33305/unit-2/home/41677600,Beaches MLS,F10319804,N,Y,26.154191,-80.1320099
MLS Listing,,Condo/Co-op,,Pembroke Pines,FL,33027,209900,2,2,,1137,,1994,1,185,257,Active,,,https://www.redfin.com/FL/Pembroke-Pines/Undisclosed-address-33027/home/41848251,MARMLS,A11166344,N,Y,25.9971587,-80.3291007
MLS Listing,,Condo/Co-op,10382 NW 24th Pl #306,Sunrise,FL,33322,170000,2,2,Sunrise Lakes 207 Condo,950,,1990,1,179,528,Pre On-Market,,,https://www.redfin.com/FL/Sunrise/10382-NW-24th-Pl-33322/unit-306/home/41617287,Beaches MLS,RX-10779612,N,Y,26.1559431,-80.2883583
MLS Listing,,Condo/Co-op,8040 Hampton Blvd #507,North Lauderdale,FL,33068,205000,2,2,The Eaton At Hamptons Wes,1350,,1984,1,152,515,Active,,,https://www.redfin.com/FL/North-Lauderdale/8040-Hampton-Blvd-33068/unit-507/home/41541137,Beaches MLS,F10319669,N,Y,26.2144495,-80.2357038
MLS Listing,,Condo/Co-op,9505 NW 2nd Pl #9505,Coral Springs,FL,33071,204999,2,2,Kingsport Estates,1040,,1982,1,197,322,Active,,,https://www.redfin.com/FL/Coral-Springs/9505-NW-2nd-Pl-33071/unit-9505/home/178429671,Beaches MLS,F10320010,N,Y,26.234514,-80.252827
MLS Listing,,Condo/Co-op,4174 Inverrary Dr #503,Lauderhill,FL,33319,95000,2,2,The Manors Of Inverrary,972,,1974,1,98,662,Active,,,https://www.redfin.com/FL/Lauderhill/4174-Inverrary-Dr-33319/unit-503/home/41588992,Beaches MLS,F10320022,N,Y,26.175506,-80.22601
MLS Listing,,Townhouse,5555 N Ocean Blvd #43,Lauderdale By The Sea,FL,33308,450000,2,2.5,Ocean Bay Club Condo,1500,,1972,1,300,660,Active,,,https://www.redfin.com/FL/Lauderdale-By-The-Sea/5555-N-Ocean-Blvd-33308/unit-43/home/41700613,Beaches MLS,RX-10779604,N,Y,26.204731,-80.097204
MLS Listing,,Condo/Co-op,1170 N Federal Hwy #608,Fort Lauderdale,FL,33304,329000,1,1.5,East Point Towers,1138,,1973,1,289,556,Active,,,https://www.redfin.com/FL/Fort-Lauderdale/1170-N-Federal-Hwy-33304/unit-608/home/41693032,Beaches MLS,F10319888,N,Y,26.1384483,-80.1191732
MLS Listing,,Single Family Residential,9100 NW 13th St,Plantation,FL,33322,895000,5,3,JACARANDA LAKES SEC 1,2273,11219,1979,1,394,40,Active,,,https://www.redfin.com/FL/Plantation/9100-NW-13th-St-33322/home/41618659,MARMLS,A11166110,N,Y,26.1413229,-80.2725306
MLS Listing,,Condo/Co-op,4111 S Ocean Dr #2909,Hollywood,FL,33019,750000,1,1,Hyde Resort & Residence,841,,2017,1,892,887,Active,,,https://www.redfin.com/FL/Hollywood/4111-S-Ocean-Dr-33019/unit-2909/home/56678261,Beaches MLS,F10320016,N,Y,25.9868062,-80.1186497
MLS Listing,,Condo/Co-op,7713 Trent Dr #107,Tamarac,FL,33321,129900,1,1,TRENT F CONDO,890,,1994,1,146,472,Active,,,https://www.redfin.com/FL/Tamarac/7713-Trent-Dr-33321/unit-107/home/41555621,MARMLS,A11166305,N,Y,26.2229874,-80.2945669
MLS Listing,,Vacant Land,1840 Fletcher St,Hollywood,FL,33020,2350000,,,ALDEN MANOR,,16380,,1,,,Active,,,https://www.redfin.com/FL/Hollywood/1840-Fletcher-St-33020/home/41952693,MARMLS,A11166306,N,Y,25.9974312,-80.1439705
MLS Listing,,Condo/Co-op,1400 Saint Charles Pl #203,Pembroke Pines,FL,33026,245000,3,2,PARK PLACE 1 CONDO,1500,,1975,1,163,748,Active,,,https://www.redfin.com/FL/Pembroke-Pines/1400-St-Charles-Pl-33026/unit-203/home/41869110,MARMLS,A11166304,N,Y,26.0198473,-80.2817402
MLS Listing,,Single Family Residential,4440 NE 15th Ter,Oakland Park,FL,33334,350000,3,3,CORAL HEIGHTS SEC 2,1575,8026,1958,1,222,,Active,,,https://www.redfin.com/FL/Oakland-Park/4440-NE-15th-Ter-33334/home/41672151,MARMLS,A11165601,N,Y,26.1826941,-80.1272653
MLS Listing,,Single Family Residential,2121 NW 62nd Ter,Sunrise,FL,33313,325000,2,2,Sunrise Golf Village Sec,1000,14411,1961,1,325,,Pre On-Market,,,https://www.redfin.com/FL/Sunrise/2121-NW-62nd-Ter-33313/home/41600766,Beaches MLS,F10319931,N,Y,26.1525788,-80.2336017
MLS Listing,,Single Family Residential,12560 NW 79th Mnr,Parkland,FL,33076,724900,4,3,Heron Bay,2426,7764,2007,1,299,252,Pre On-Market,March-5-2022 12:00 PM,March-5-2022 03:00 PM,https://www.redfin.com/FL/PARKLAND/12560-NW-79TH-MNR-33076/home/42020112,Beaches MLS,F10319781,N,Y,26.329042,-80.293328
MLS Listing,,Condo/Co-op,4111 S Ocean Dr #2911,Hollywood,FL,33019,890000,2,2,Hyde Resort & Residence,1087,,2017,1,819,1180,Active,,,https://www.redfin.com/FL/Hollywood/4111-S-Ocean-Dr-33019/unit-2911/home/56678265,Beaches MLS,F10320012,N,Y,25.9868062,-80.1186497
MLS Listing,,Condo/Co-op,333 Las Olas Way #2207,Fort Lauderdale,FL,33301,995000,2,2.5,River House,1522,,2004,1,654,1256,Active,,,https://www.redfin.com/FL/Fort-Lauderdale/333-Las-Olas-Way-33301/unit-2207/home/42026549,Beaches MLS,F10319977,N,Y,26.1183316,-80.1415063
MLS Listing,,Condo/Co-op,505 N Fort Lauderdale Beach Blvd #1404,Fort Lauderdale,FL,33304,495000,1,1,Q CLUB RESORT & RESIDENCE,584,,2006,1,848,201,Active,,,https://www.redfin.com/FL/Fort-Lauderdale/505-N-Fort-Lauderdale-Beach-Blvd-33304/unit-1404/home/42067369,MARMLS,A11165590,N,Y,26.1294351,-80.104383
MLS Listing,,Single Family Residential,5400 S Lakewood Crk Unit B,Margate,FL,33063,299000,3,2,Lakewood On The Green,910,,1979,1,329,139,Pre On-Market,,,https://www.redfin.com/FL/Margate/5400-Lakewood-Cir-S-33063/unit-B/home/41501296,Beaches MLS,F10320008,N,Y,26.2318515,-80.197292
MLS Listing,,Condo/Co-op,7591 NW 1st St #308,Margate,FL,33063,149900,2,2,Palm Lakes,1110,,1980,1,135,385,Active,,,https://www.redfin.com/FL/Margate/7591-NW-1st-St-33063/unit-308/home/41453647,Beaches MLS,F10320000,N,Y,26.2321871,-80.225901
MLS Listing,,Condo/Co-op,4828 N State Road 7 #8103,Coconut Creek,FL,33073,259000,2,2,Carrington At Coconut Cre,967,,2002,1,268,427,Active,,,https://www.redfin.com/FL/Coconut-Creek/4828-N-State-Rd-7-33073/unit-8103/home/42057106,Beaches MLS,F10320007,N,Y,26.288525,-80.199782
MLS Listing,,Single Family Residential,2717 Harbor Beach Pkwy,Fort Lauderdale,FL,33316,1200000,,,Harbor Beach,13766,13766,,1,87,,Active,,,https://www.redfin.com/FL/Fort-Lauderdale/2717-Harbor-Beach-Pkwy-33316/home/41802361,Beaches MLS,F10320006,N,Y,26.1045778,-80.1085934
MLS Listing,,Single Family Residential,2231 NE 15th Ct,Fort Lauderdale,FL,33304,2195000,,,Bal Harbour 1st Add 43-9,8889,8889,,1,247,,Active,,,https://www.redfin.com/FL/Fort-Lauderdale/2231-NE-15th-Ct-33304/home/41691398,Beaches MLS,F10319891,N,Y,26.1474639,-80.117101
MLS Listing,,Condo/Co-op,1900 S Ocean Dr #203,Fort Lauderdale,FL,33316,259900,1,1,Breakwater Towers,805,,1962,1,323,380,Active,,,https://www.redfin.com/FL/Fort-Lauderdale/1900-S-Ocean-Dr-33316/unit-203/home/41803968,Beaches MLS,F10320003,N,Y,26.0979839,-80.1087025
MLS Listing,,Mobile/Manufactured Home,2421 SW 51st St,Fort Lauderdale,FL,33312,279900,2,2,Ravenswood North 108-45 B,1302,3360,1983,1,215,60,Active,,,https://www.redfin.com/FL/Fort-Lauderdale/2421-SW-51st-St-33312/home/41821543,Beaches MLS,F10320002,N,Y,26.0579281,-80.1731859
MLS Listing,,Single Family Residential,5719 SW 40th St,West Park,FL,33023,280000,2,1,SUNLAND PARK SEC 2,1000,5002,1956,1,280,,Active,,,https://www.redfin.com/FL/West-Park/5719-SW-40th-St-33023/home/41908475,MARMLS,A11166257,N,Y,25.9744232,-80.2006916
MLS Listing,,Single Family Residential,940 SE 9th Ave,Pompano Beach,FL,33060,1257999,3,2,CYPRESS ISLAND,1498,8639,1965,1,840,,Active,February-27-2022 01:00 PM,February-27-2022 03:00 PM,https://www.redfin.com/FL/Pompano-Beach/940-SE-9th-Ave-33060/home/41633204,MARMLS,A11164347,N,Y,26.2202196,-80.1085498
MLS Listing,,Condo/Co-op,2758 NE 30th Ave Unit 3C,Lighthouse Point,FL,33064,299000,2,2,Lighthouse Colony Co- Op,1250,,1962,1,239,871,Active,,,https://www.redfin.com/FL/Lighthouse-Point/2758-NE-30th-Ave-33064/unit-3C/home/41524156,Beaches MLS,F10318676,N,Y,26.2648071,-80.0830248
MLS Listing,,Single Family Residential,11943 SW 14th Pl,Davie,FL,33325,669000,,,FLAMINGO RANCH ESTATES,,39204,,1,,,Active,,,https://www.redfin.com/FL/Davie/11943-SW-14th-Pl-33325/home/42020536,MARMLS,A11166253,N,Y,26.1017769,-80.308408
MLS Listing,,Condo/Co-op,61 Ventnor D,Deerfield Beach,FL,33442,111500,2,1.5,Ventnor D Condo,820,,1978,1,136,501,Pre On-Market,,,https://www.redfin.com/FL/Deerfield-Beach/61-Ventnor-Dr-33442/home/41466654,Beaches MLS,RX-10779560,N,Y,26.316964,-80.145885
MLS Listing,,Condo/Co-op,1722 Mayo St #201,Hollywood,FL,33020,160000,1,1,ROYAL TERRACE CONDO,667,,1966,1,240,220,Active,,,https://www.redfin.com/FL/Hollywood/1722-Mayo-St-33020/unit-201/home/41954044,MARMLS,A11166146,N,Y,25.9983852,-80.14155
MLS Listing,,Townhouse,1946 SW 82nd Ave,Davie,FL,33324,299000,2,2,ARROWHEAD GOLF AND TENNIS,1276,,1980,1,234,275,Active,,,https://www.redfin.com/FL/Davie/1946-SW-82nd-Ave-33324/home/41764486,MARMLS,A11166028,N,Y,26.0957669,-80.2567434
MLS Listing,,Condo/Co-op,1301 River Reach Dr #111,Fort Lauderdale,FL,33315,246000,2,2,Harbor Island River Reach,1250,,1974,1,197,794,Active,,,https://www.redfin.com/FL/Fort-Lauderdale/1301-River-Reach-Dr-33315/unit-111/home/41796899,Beaches MLS,F10319216,N,Y,26.109546,-80.1579472
MLS Listing,,Single Family Residential,3821 NW 108th Dr,Coral Springs,FL,33065,529900,3,2,WINDINGS,1670,9230,1972,1,317,,Active,,,https://www.redfin.com/FL/Coral-Springs/3821-NW-108th-Dr-33065/home/41422545,MARMLS,A11161009,N,Y,26.2777407,-80.2707451
MLS Listing,,Condo/Co-op,733 Riverside Dr #1224,Coral Springs,FL,33071,180000,1,1,SAVANNAH AT RIVERSIDE CON,780,,1988,1,231,410,Active,,,https://www.redfin.com/FL/Coral-Springs/733-Riverside-Dr-33071/unit-1224/home/42024665,MARMLS,A11165913,N,Y,26.241793,-80.242227
MLS Listing,,Condo/Co-op,5480 NW 11th St #207,Lauderhill,FL,33313,174000,2,1,Bowling Green Condo,848,,1966,1,205,331,Active,,,https://www.redfin.com/FL/North-Palm-Beach/5480-NW-11th-St-33313/unit-207/home/41627277,Beaches MLS,F10319791,N,Y,26.1373112,-80.2225895
MLS Listing,,Condo/Co-op,9470 Live Oak Pl #203,Davie,FL,33324,150000,2,2,LIVE OAK 9 OF PINE ISLAND,980,,1974,1,153,604,Active,,,https://www.redfin.com/FL/Davie/9470-Live-Oak-Pl-33324/unit-203/home/41770619,MARMLS,A11162667,N,Y,26.0935891,-80.2772117
MLS Listing,,Condo/Co-op,,Pompano Beach,FL,33060,518900,2,2,,1172,,1980,1,443,567,Active,,,https://www.redfin.com/FL/Pompano-Beach/Undisclosed-address-33060/home/41633354,Beaches MLS,F10319995,N,Y,26.2224732,-80.1071318
MLS Listing,,Single Family Residential,11 NW 110th Ave,Plantation,FL,33324,559999,3,2.5,WEDGEWOOD ESTATES,1740,3425,1995,1,322,186,Active,March-5-2022 01:00 PM,March-5-2022 03:00 PM,https://www.redfin.com/FL/Plantation/11-NW-110th-Ave-33324/home/41757822,MARMLS,A11165727,N,Y,26.1210765,-80.2954331
MLS Listing,,Condo/Co-op,5100 SW 90th Ave #112,Cooper City,FL,33328,189900,1,1.5,BAFFYWOODS CONDO,997,,1971,1,190,315,Active,,,https://www.redfin.com/FL/Cooper-City/5100-SW-90th-Ave-33328/unit-112/home/41783047,MARMLS,A11162044,N,Y,26.0576095,-80.2696347
MLS Listing,,Single Family Residential,4393 NW 67th Ave,Coral Springs,FL,33067,680000,4,2.5,Turtle Run,2301,9600,1988,1,296,63,Pre On-Market,March-5-2022 12:00 PM,March-5-2022 04:00 PM,https://www.redfin.com/FL/Coral-Springs/4393-NW-67th-Ave-33067/home/41412400,Beaches MLS,F10319905,N,Y,26.2845969,-80.215988
MLS Listing,,Single Family Residential,7 Seneca Rd,Sea Ranch Lakes,FL,33308,8495000,7,8,SEA RANCH LAKES,7100,14797,2023,1,1196,342,Active,,,https://www.redfin.com/FL/Sea-Ranch-Lakes/7-Seneca-Rd-33308/home/41702314,MARMLS,A11161819,N,Y,26.2029609,-80.0976925
MLS Listing,,Townhouse,5010 SW 40th Ave,Dania Beach,FL,33314,300000,2,2,TWIN OAKS VILLAS OF BROWA,1426,,1978,1,210,200,Active,,,https://www.redfin.com/FL/Fort-Lauderdale/5010-SW-40th-Ave-33314/home/41817238,MARMLS,A11155808,N,Y,26.0594709,-80.199883
MLS Listing,,Single Family Residential,1880 NW 103rd Ave,Plantation,FL,33322,649000,4,2,JACARANDA,2021,8603,1988,1,321,28,Active,,,https://www.redfin.com/FL/Plantation/1880-NW-103rd-Ave-33322/home/41619539,MARMLS,A11165842,N,Y,26.149087,-80.2866386
MLS Listing,,Condo/Co-op,4271 NW 89th Ave #201,Coral Springs,FL,33065,199000,2,2,Ramblewood East Condo,1070,,1980,1,186,525,Active,,,https://www.redfin.com/FL/Coral-Springs/4271-NW-89th-Ave-33065/unit-201/home/41418631,Beaches MLS,F10319988,N,Y,26.2825059,-80.245854
MLS Listing,,Single Family Residential,12137 NW 35th Pl,Sunrise,FL,33323,529900,4,2.5,Sawgrass Estates North 14,1874,7800,1990,1,283,110,Pre On-Market,,,https://www.redfin.com/FL/Sunrise/12137-NW-35th-St-33323/home/41533752,Beaches MLS,F10319981,N,Y,26.171734,-80.310516
MLS Listing,,Single Family Residential,5160 NW 45th Ter,Coconut Creek,FL,33073,665000,4,2.5,Winston Park,2769,11581,1989,1,240,18,Active,,,https://www.redfin.com/FL/Coconut-Creek/5160-NW-45th-Ter-33073/home/41467570,Beaches MLS,F10319013,N,Y,26.2950666,-80.1855667
MLS Listing,,Condo/Co-op,347 N New River Dr #1410,Fort Lauderdale,FL,33301,829000,2,2,The Watergarden,1204,,2004,1,689,982,Pre On-Market,,,https://www.redfin.com/FL/Fort-Lauderdale/347-N-New-River-Dr-E-33301/unit-1410/home/42023422,Beaches MLS,F10319926,N,Y,26.1176455,-80.1395001
MLS Listing,,Multi-Family (2-4 Unit),601 NW 4th Ct,Hallandale,FL,33009,799000,8,4,Carver Heights Second Add,2874,,1966,1,278,,Active,,,https://www.redfin.com/FL/Hallandale-Beach/601-NW-4th-Ct-33009/unit-1-4/home/41940648,Beaches MLS,F10319983,N,Y,25.9901206,-80.1546985
MLS Listing,,Condo/Co-op,551 NW 76th Ter #106,Margate,FL,33063,139000,2,2,Oriole Gardens Two,1000,,1974,1,139,321,Active,,,https://www.redfin.com/FL/Margate/551-NW-76th-Ter-33063/unit-106/home/41453925,Beaches MLS,RX-10779538,N,Y,26.2362849,-80.2273566
MLS Listing,,Condo/Co-op,13701 SW 12th St Unit 109A,Pembroke Pines,FL,33027,220000,2,2,SUFFOLK AT CENTURY VILLAG,1207,,1994,1,182,524,Active,,,https://www.redfin.com/FL/Pembroke-Pines/13701-SW-12th-St-33027/unit-109A/home/41847353,MARMLS,A11165102,N,Y,25.9971587,-80.3291007
MLS Listing,,Single Family Residential,2476 SE 14th St,Pompano Beach,FL,33062,1470000,3,2,POMPANO ISLES,1657,6000,1956,1,887,,Active,March-6-2022 10:00 AM,March-6-2022 05:00 PM,https://www.redfin.com/FL/Pompano-Beach/2476-SE-14th-St-33062/home/41696402,MARMLS,A11166108,N,Y,26.2124335,-80.1022668
MLS Listing,,Condo/Co-op,2501 Riverside Dr Unit 503-A,Coral Springs,FL,33065,139000,1,1,CORAL SPRINGS TOWER CLUB,606,,1983,1,229,202,Active,,,https://www.redfin.com/FL/Coral-Springs/2501-Riverside-Dr-33065/unit-503-A/home/41431576,MARMLS,A11166182,N,Y,26.2611889,-80.2346146
MLS Listing,,Condo/Co-op,8055 NW 128th Ln Unit 15C,Parkland,FL,33076,499000,3,2,Cypress Pointe,1400,,2005,1,356,502,Active,,,https://www.redfin.com/FL/Parkland/8055-NW-128th-Ln-33076/unit-15-C/home/42016390,Beaches MLS,F10316918,N,Y,26.330578,-80.296665
MLS Listing,,Condo/Co-op,2424 SE 17th St Unit 108B,Fort Lauderdale,FL,33316,205000,1,1,Village At Harbor Beach,685,,1969,1,299,411,Active,,,https://www.redfin.com/FL/Fort-Lauderdale/2424-SE-17th-St-33316/unit-108B/home/42027217,Beaches MLS,F10319511,N,Y,26.0999405,-80.1136179
MLS Listing,,Condo/Co-op,4848 NW 24th Ct #414,Lauderdale Lakes,FL,33313,140000,2,2,TOWN SQUARE CONDO,1220,,1979,1,115,310,Active,,,https://www.redfin.com/FL/Lauderdale-Lakes/4848-NW-24th-Ct-33313/unit-414/home/41598015,MARMLS,A11166177,N,Y,26.1563887,-80.2162713
MLS Listing,,Single Family Residential,6170 Buena Vista Dr,Margate,FL,33063,349900,2,2,Coral Bay Replat Sec 1,1148,4111,1992,1,305,12,Active,February-27-2022 11:00 AM,February-27-2022 01:00 PM,https://www.redfin.com/FL/Margate/6170-Buena-Vista-Dr-33063/home/41434703,Beaches MLS,RX-10779529,N,Y,26.2690316,-80.2074032
MLS Listing,,Single Family Residential,14195 Old Sheridan St,Southwest Ranches,FL,33330,3900000,4,4.5,Caba Cultural Center 155-,6231,,2016,1,626,,Active,,,https://www.redfin.com/FL/Southwest-Ranches/14195-Old-Sheridan-St-33330/home/55106168,Beaches MLS,F10319973,N,Y,26.0301655,-80.3364653
MLS Listing,,Single Family Residential,2641 E Johnson St,Hollywood,FL,33020,229000,2,1,Hollywood Terrace,912,7249,1951,1,251,,Active,,,https://www.redfin.com/FL/Hollywood/2641-Johnson-St-33020/home/41929174,Beaches MLS,RX-10779525,N,Y,26.0186891,-80.1612502
MLS Listing,,Condo/Co-op,3575 Broken Woods Dr #702,Coral Springs,FL,33065,179000,2,2,Briarwood Club Condo,900,,1967,1,199,340,Active,,,https://www.redfin.com/FL/Coral-Springs/3575-Brokenwoods-Dr-33065/unit-702/home/41415499,Beaches MLS,F10319886,N,Y,26.2745736,-80.2487289
MLS Listing,,Townhouse,1510 NW 93rd Ave #293,Pembroke Pines,FL,33024,279000,3,2.5,WESTVIEW 5 CONDO,1472,,1980,1,190,477,Active,,,https://www.redfin.com/FL/Pembroke-Pines/1510-NW-93rd-Ave-33024/unit-293/home/41875053,MARMLS,A11166151,N,Y,26.022113,-80.2700909
MLS Listing,,Townhouse,1863 SW 103rd Ave,Miramar,FL,33025,405000,3,2.5,Avalon,1337,2009,1996,1,303,253,Active,,,https://www.redfin.com/FL/Miramar/1863-SW-103rd-Ave-33025/home/41891761,Beaches MLS,RX-10779516,N,Y,25.993264,-80.28359
MLS Listing,,Single Family Residential,3161 NE 28 Ave,Lighthouse Point,FL,33064,775000,3,2,Lake Placid,1503,,1967,1,516,,Active,,,https://www.redfin.com/FL/Lighthouse-Point/3161-NE-28th-Ave-33064/home/41524205,Beaches MLS,RX-10779517,N,Y,26.2704729,-80.0851434
MLS Listing,,Single Family Residential,1976 NW 169th Ave,Pembroke Pines,FL,33028,575000,3,2,PEMBROKE ISLES 1,2076,5829,1997,1,277,354,Active,,,https://www.redfin.com/FL/Pembroke-Pines/1976-NW-169th-Ave-33028/home/41835404,MARMLS,A11166119,N,Y,26.0242215,-80.3737161
MLS Listing,,Single Family Residential,2960 NE 18th St,Pompano Beach,FL,33062,825000,3,2,Santamaria Harbor 28-27 B,1520,8002,1957,1,543,,Active,,,https://www.redfin.com/FL/Pompano-Beach/2960-NE-18th-St-33062/home/41522665,Beaches MLS,F10319918,N,Y,26.2540202,-80.0902667
MLS Listing,,Single Family Residential,2213 SW 5th Pl,Fort Lauderdale,FL,33312,295000,3,1,BRENDALE HEIGHTS,888,6066,1954,1,332,,Active,,,https://www.redfin.com/FL/Fort-Lauderdale/2213-SW-5th-Pl-33312/home/41799019,MARMLS,A11165158,N,Y,26.1141585,-80.1729243
MLS Listing,,Condo/Co-op,13255 SW 7th Ct Unit 306D,Pembroke Pines,FL,33027,165000,2,1.5,KINGSLEY AT CENTURY VILLA,953,,1985,1,173,470,Active,,,https://www.redfin.com/FL/Pembroke-Pines/13255-SW-7th-Ct-33027/unit-306D/home/41844641,MARMLS,A11166112,N,Y,26.001857,-80.3238904
MLS Listing,,Single Family Residential,3650 NW 17th Ter,Oakland Park,FL,33309,639000,3,2,Royal Palm Acres 10 Sec 6,1550,7614,1971,1,412,,Active,February-27-2022 01:00 PM,February-27-2022 04:00 PM,https://www.redfin.com/FL/Oakland-Park/3650-NW-17th-Ter-33309/home/41665597,Beaches MLS,F10319589,N,Y,26.1720164,-80.1666024
MLS Listing,,Townhouse,2352 NW 39th Ave,Coconut Creek,FL,33066,269900,2,2.5,Alhambra At Centura Parc,1068,,1985,1,253,417,Active,,,https://www.redfin.com/FL/Coconut-Creek/2352-NW-39th-Ave-33066/home/41492821,Beaches MLS,F10319853,N,Y,26.257309,-80.175858
MLS Listing,,Condo/Co-op,4010 S Ocean Dr #2002,Hollywood,FL,33019,745000,2,2,4010 SOUTH OCEAN CONDO,1164,,2019,1,640,1039,Active,,,https://www.redfin.com/FL/Hollywood/4010-S-Ocean-Dr-33019/unit-2002/home/178428173,MARMLS,A11166043,N,Y,25.9870383,-80.1206413
MLS Listing,,Condo/Co-op,5541 Lakeside Dr #107,Margate,FL,33063,174900,2,2,Viewpointe Condo,815,,1986,1,215,290,Active,,,https://www.redfin.com/FL/Margate/5541-Lakeside-Dr-33063/unit-107/home/41499927,Beaches MLS,F10319967,N,Y,26.2378784,-80.2006044
MLS Listing,,Condo/Co-op,2670 E Sunrise Blvd #1021,Fort Lauderdale,FL,33304,190000,1,1,GALLERY ONE CONDO,548,,1986,1,347,1018,Active,,,https://www.redfin.com/FL/Fort-Lauderdale/2670-E-Sunrise-Blvd-33304/unit-1021/home/42043610,MARMLS,A11166107,N,Y,26.137312,-80.1093133
MLS Listing,,Single Family Residential,1821 NW 43rd St,Oakland Park,FL,33309,735000,3,2,Royal Palm Lake Estates 7,1956,7020,1985,1,376,,Pre On-Market,,,https://www.redfin.com/FL/Oakland-Park/1821-NW-43rd-St-33309/home/41666401,Beaches MLS,F10315631,N,Y,26.1807133,-80.166537
MLS Listing,,Condo/Co-op,1000 Parkview Dr #121,Hallandale Beach,FL,33009,418000,3,2,OCEANVIEW PARK CONDO,1430,,1976,1,292,698,Active,February-26-2022 01:00 PM,February-26-2022 04:00 PM,https://www.redfin.com/FL/Hallandale-Beach/1000-Parkview-Dr-33009/unit-121/home/41950599,MARMLS,A11165935,N,Y,25.9966452,-80.1208309
MLS Listing,,Condo/Co-op,3541 Inverrary Dr #207,Lauderhill,FL,33319,105000,2,2,LAS VISTAS G IN INVERRARY,904,,1974,1,116,469,Active,,,https://www.redfin.com/FL/Lauderhill/3541-Inverrary-Dr-33319/unit-207/home/41588526,MARMLS,A11164507,N,Y,26.1713999,-80.232693
MLS Listing,,Single Family Residential,,Hallandale Beach,FL,33009,850000,4,2,,1762,7500,1968,1,482,,Active,,,https://www.redfin.com/FL/Hallandale-Beach/Undisclosed-address-33009/home/41951869,MARMLS,A11159778,N,Y,25.9908228,-80.136905
MLS Listing,,Single Family Residential,4380 SW 176th Ave,Miramar,FL,33029,1100000,4,3.5,MARBELLA,3025,7800,2021,1,364,72,Active,,,https://www.redfin.com/FL/Miramar/4380-SW-176th-Ave-33029/home/174556121,MARMLS,A11165536,N,Y,25.9682197,-80.3806426
MLS Listing,,Condo/Co-op,1000 River Reach Dr #311,Fort Lauderdale,FL,33315,175000,1,1,River Reach,784,,1971,1,223,425,Active,,,https://www.redfin.com/FL/Fort-Lauderdale/1000-River-Reach-Dr-33315/unit-311/home/41797764,Beaches MLS,F10319950,N,Y,26.1091172,-80.1550255
MLS Listing,,Single Family Residential,424 Deer Creek Path,Deerfield Beach,FL,33442,849000,4,2,Deer Creek Golf Estates,2334,10402,1989,1,364,25,Active,,,https://www.redfin.com/FL/Deerfield-Beach/424-Deer-Creek-Path-33442/home/41400495,Beaches MLS,RX-10779479,N,Y,26.322874,-80.1346369
MLS Listing,,Condo/Co-op,2808 NE 33rd Ct #108,Fort Lauderdale,FL,33306,159000,1,1,Alexander Hamilton Coop,500,,1960,1,318,400,Active,,,https://www.redfin.com/FL/Fort-Lauderdale/2808-NE-33rd-Ct-33306/unit-108/home/41672018,Beaches MLS,F10319890,N,Y,26.1693008,-80.1078953
MLS Listing,,Condo/Co-op,505 N Fort Lauderdale Beach Blvd #1815,Fort Lauderdale,FL,33304,350000,0,1,Q Club Resort & Residence,533,,2006,1,657,15,Active,,,https://www.redfin.com/FL/Fort-Lauderdale/505-N-Fort-Lauderdale-Beach-Blvd-33304/unit-1815/home/42057304,Beaches MLS,F10319634,N,Y,26.1294351,-80.104383
MLS Listing,,Condo/Co-op,505 N Fort Lauderdale Beach Blvd #1817,Fort Lauderdale,FL,33304,550000,1,2,Q Club Resort & Residence,1028,,2006,1,535,34,Active,,,https://www.redfin.com/FL/Fort-Lauderdale/505-N-Fort-Lauderdale-Beach-Blvd-33304/unit-1817/home/42067771,Beaches MLS,F10319633,N,Y,26.1294351,-80.104383
MLS Listing,,Condo/Co-op,4765 NW 22nd St #42115,Coconut Creek,FL,33063,289900,3,2,Baywood Village Ii-d,1120,,1986,1,259,438,Active,March-5-2022 02:00 PM,March-5-2022 05:00 PM,https://www.redfin.com/FL/Coconut-Creek/4765-NW-22nd-St-33063/unit-42115/home/41482544,Beaches MLS,F10319684,N,Y,26.255875,-80.188667
MLS Listing,,Single Family Residential,3301 SW 15th Ct,Fort Lauderdale,FL,33312,475000,3,2,Riverland Village Sec One,1576,10565,1953,1,301,,Pre On-Market,,,https://www.redfin.com/FL/Fort-Lauderdale/3301-SW-15th-Ct-33312/home/41811662,Beaches MLS,F10319754,N,Y,26.1017171,-80.1884219
MLS Listing,,Single Family Residential,9201 NW 33rd Pl,Sunrise,FL,33351,465000,3,2,Relco Estates 92-7 B,1759,6233,1979,1,264,,Active,,,https://www.redfin.com/FL/Sunrise/9201-NW-33rd-Pl-33351/home/41579208,Beaches MLS,F10318671,N,Y,26.1673356,-80.2727483
MLS Listing,,Condo/Co-op,2701 N Ocean Blvd Unit 5-D,Fort Lauderdale,FL,33308,475000,2,2,Embassy Tower,1200,,1972,1,396,918,Active,,,https://www.redfin.com/FL/Fort-Lauderdale/2701-N-Ocean-Blvd-33308/unit-5D/home/41713173,Beaches MLS,F10319327,N,Y,26.1620862,-80.1016341
MLS Listing,,Condo/Co-op,7373 N Devon Dr #107,Tamarac,FL,33321,158999,2,2,Devon I Condo,1180,,1991,1,135,149,Active,,,https://www.redfin.com/FL/Tamarac/7373-N-Devon-Dr-33321/unit-107/home/41554365,Beaches MLS,F10319956,N,Y,26.218203,-80.295055
MLS Listing,,Condo/Co-op,2933 W Missionwood Ln Unit D-II,Miramar,FL,33025,240000,2,2,MISSIONWOOD AT MIRAMAR CO,1000,,1975,1,240,240,Active,,,https://www.redfin.com/FL/Miramar/2933-W-Missionwood-Ln-33025/unit-D-II/home/41915469,MARMLS,A11159783,N,Y,25.9828921,-80.2541083
MLS Listing,,Single Family Residential,9825 NW 9th Ct,Plantation,FL,33324,270000,3,2.5,JACARANDA PARCEL 216,1473,2667,1988,1,183,150,Active,,,https://www.redfin.com/FL/Plantation/9825-NW-9th-Ct-33324/home/41747898,MARMLS,A11164884,N,Y,26.1349631,-80.2804993
MLS Listing,,Townhouse,816 NE 7th Unit C,Fort Lauderdale,FL,33304,850000,2,3.5,Piazza Navona,2050,,2015,1,415,460,Active,,,https://www.redfin.com/FL/Fort-Lauderdale/816-NE-7th-St-33304/unit-C/home/79420840,Beaches MLS,F10319812,N,Y,26.131643,-80.1344472
MLS Listing,,Condo/Co-op,2861 N Oakland Forest Dr #306,Oakland Park,FL,33309,209999,2,2,LAKEVIEW CLUB CONDO,992,,1992,1,212,325,Active,,,https://www.redfin.com/FL/Oakland-Park/2861-N-Oakland-Forest-Dr-33309/unit-306/home/42028375,MARMLS,A11151683,N,Y,26.1727591,-80.1810985
MLS Listing,,Single Family Residential,8731 Valencia Ct,Parkland,FL,33067,3800000,5,6.5,Rayel Estates 3 175-6 B,7139,46006,2007,1,532,,Pre On-Market,,,https://www.redfin.com/FL/Parkland/8731-Valencia-Ct-33067/home/42047075,Beaches MLS,F10319879,N,Y,26.3046416,-80.2430225
MLS Listing,,Condo/Co-op,1012 NE Ocean Blvd #1012,Pompano Beach,FL,33062,589000,2,2,Century Plaza,1360,,1969,1,433,538,Active,,,https://www.redfin.com/FL/Pompano-Beach/1012-N-Ocean-Blvd-33062/unit-1012/home/41521665,Beaches MLS,F10319371,N,Y,26.2472315,-80.0861863
MLS Listing,,Condo/Co-op,401 Briny Ave #606,Pompano Beach,FL,33062,648450,2,2,Christopher House Condo A,1250,,1970,1,519,665,Active,,,https://www.redfin.com/FL/Pompano-Beach/401-Briny-Ave-33062/unit-606/home/41696680,Beaches MLS,F10318599,N,Y,26.228525,-80.090644
MLS Listing,,Single Family Residential,1417 NE 27th St,Wilton Manors,FL,33334,925000,3,2,Middle River Estates 29-4,1440,7502,1954,1,642,,Active,,,https://www.redfin.com/FL/Wilton-Manors/1417-NE-27th-St-33334/home/41678766,Beaches MLS,F10319925,N,Y,26.161162,-80.1289665
MLS Listing,,Single Family Residential,7102 NW 70th Ct,Tamarac,FL,33321,290000,2,1.5,MAINLANDS OF TAMARAC LAKE,1305,4675,1971,1,222,110,Active,,,https://www.redfin.com/FL/Tamarac/7102-NW-70th-Ct-33321/home/41542365,MARMLS,A11165718,N,Y,26.2106371,-80.2461154
MLS Listing,,Condo/Co-op,3099 NW 48th Ave #456,Lauderdale Lakes,FL,33313,71000,1,1.5,Cypress Chase Condo,705,,1980,1,101,388,Active,,,https://www.redfin.com/FL/Lauderdale-Lakes/3099-NW-48th-Ave-33313/unit-456/home/41598958,Beaches MLS,F10316280,N,Y,26.1644506,-80.2134693
MLS Listing,,Condo/Co-op,2841 N Ocean Blvd #803,Fort Lauderdale,FL,33308,485000,2,2,Vantage View,1100,,1976,1,441,698,Active,,,https://www.redfin.com/FL/Fort-Lauderdale/2841-N-Ocean-Blvd-33308/unit-803/home/41712495,Beaches MLS,RX-10779437,N,Y,26.1644549,-80.1013508
MLS Listing,,Condo/Co-op,1920 NE 1st Ter Unit 211H,Wilton Manors,FL,33305,220000,1,1,Manor Grove Village Two,750,,1971,1,293,265,Pre On-Market,,,https://www.redfin.com/FL/Wilton-Manors/1920-NE-1st-Ter-33305/unit-211H/home/41677714,Beaches MLS,F10319341,N,Y,26.1525344,-80.1446465
MLS Listing,,Condo/Co-op,4111 S Ocean Dr #2806,Hollywood,FL,33019,839900,2,2,4111 SOUTH OCEAN DRIVE CO,1129,,2017,1,744,,Active,,,https://www.redfin.com/FL/Hollywood/4111-S-Ocean-Dr-33019/unit-2806/home/56678196,MARMLS,A11166002,N,Y,25.9868062,-80.1186497
MLS Listing,,Condo/Co-op,205 Lake Pointe Dr #203,Oakland Park,FL,33309,156000,2,2,LAKE POINTE 3 CONDO,910,,1982,1,171,444,Active,,,https://www.redfin.com/FL/Oakland-Park/205-Lake-Pointe-Dr-33309/unit-203/home/41660838,MARMLS,A11166001,N,Y,26.1809621,-80.1861552
MLS Listing,,Condo/Co-op,1410 S Ocean Blvd Unit 10 S,Pompano Beach,FL,33062,379000,2,2,Coastal Arms,840,,1974,1,451,750,Active,,,https://www.redfin.com/FL/Pompano-Beach/1410-S-Ocean-Blvd-33062/unit-10-S/home/178427368,Beaches MLS,F10319933,N,Y,26.2155079,-80.0920886
MLS Listing,,Multi-Family (2-4 Unit),5736 Taylor St,Hollywood,FL,33021,498000,4,3,Hollywood Beach Gardens 1,1836,,1989,1,271,,Active,,,https://www.redfin.com/FL/Hollywood/5736-Taylor-St-33021/home/41886258,Beaches MLS,F10319912,N,Y,26.0127476,-80.2031544
MLS Listing,,Condo/Co-op,4270 NW 40th St #304,Lauderdale Lakes,FL,33319,148880,2,2,Garnet Condo,1150,,1973,1,129,275,Active,,,https://www.redfin.com/FL/Lauderdale-Lakes/4270-NW-40th-St-33319/unit-304/home/41594182,Beaches MLS,F10319937,N,Y,26.1746536,-80.2066822
MLS Listing,,Single Family Residential,16128 Emerald Estates Dr Unit V13,Weston,FL,33331,799000,3,2.5,The Palms At Weston,2390,,2007,1,334,625,Active,,,https://www.redfin.com/FL/Weston/16128-Emerald-Estates-Dr-33331/unit-V13/home/178427340,Beaches MLS,F10319827,N,Y,26.069309,-80.365177
MLS Listing,,Condo/Co-op,5015 Wiles Rd #203,Coconut Creek,FL,33073,248000,2,2,Evergreen Lakes,,,2002,1,,379,Active,,,https://www.redfin.com/FL/Coconut-Creek/5015-Wiles-Rd-33073/unit-203/home/42036331,Beaches MLS,F10319934,N,Y,26.2877362,-80.1941756
MLS Listing,,Mobile/Manufactured Home,2770 SW 54 St,Fort Lauderdale,FL,33312,254900,2,2,Ravenswood Estates & Mari,1408,,1973,1,181,90,Active,,,https://www.redfin.com/FL/Fort-Lauderdale/2770-SW-54th-St-33312/home/41818865,Beaches MLS,RX-10779428,N,Y,26.0545637,-80.1777853
MLS Listing,,Single Family Residential,957 Crestview Cir,Weston,FL,33327,1095000,5,4,HIGHLAND MEADOWS,4094,8775,1997,1,267,475,Active,February-26-2022 12:00 PM,February-26-2022 04:00 PM,https://www.redfin.com/FL/Weston/957-Crestview-Cir-33327/home/41719573,MARMLS,A11164402,N,Y,26.1322181,-80.4163733
MLS Listing,,Single Family Residential,4521 SW 131st Ter,Miramar,FL,33027,845000,6,4,SILVER FALLS,3192,7493,2005,1,265,155,Active,,,https://www.redfin.com/FL/Miramar/4521-SW-131st-Ter-33027/home/42017210,MARMLS,A11164313,N,Y,25.9668651,-80.3202444
MLS Listing,,Condo/Co-op,1830 S Ocean Dr #3907,Hallandale Beach,FL,33009,649000,1,1,BEACH CLUB TWO,871,,2006,1,745,505,Active,,,https://www.redfin.com/FL/Hallandale-Beach/1830-S-Ocean-Dr-33009/unit-3907/home/42061457,MARMLS,A11164444,N,Y,25.9849114,-80.1183443
MLS Listing,,Single Family Residential,4296 SW 179th Way,Miramar,FL,33029,899000,6,4,SUNSET FALLS PLAT 2,3789,8321,2007,1,237,227,Active,,,https://www.redfin.com/FL/Miramar/4296-SW-179th-Way-33029/home/42069598,MARMLS,A11164827,N,Y,25.9683465,-80.3840671
MLS Listing,,Condo/Co-op,1440 NW 43 Ter #203,Lauderhill,FL,33313,79000,1,1,Park South,730,,1967,1,108,241,Active,,,https://www.redfin.com/FL/Lauderhill/1440-NW-43-Ter-33313/unit-203/home/41632578,Beaches MLS,F10319720,N,Y,26.1444752,-80.2080569
MLS Listing,,Single Family Residential,307 NE 23 Ter,Fort Lauderdale,FL,33301,2795000,3,2.5,BARCELONA ISLES ADD,2541,10463,1973,1,1100,,Active,,,https://www.redfin.com/FL/Fort-Lauderdale/307-NE-23rd-Ter-33301/home/41784369,MARMLS,A11165838,N,Y,26.1261918,-80.1149851
MLS Listing,,Condo/Co-op,2670 E Sunrise Blvd #1122,Fort Lauderdale,FL,33304,229900,1,1,GALLERY ONE CONDO,548,,1986,1,420,17,Active,,,https://www.redfin.com/FL/Fort-Lauderdale/2670-E-Sunrise-Blvd-33304/unit-1122/home/42044563,MARMLS,A11164628,N,Y,26.137312,-80.1093133
MLS Listing,,Single Family Residential,6115 Southgate Blvd,Margate,FL,33068,329000,4,1,Southgate,1330,,1960,1,247,,Active,,,https://www.redfin.com/FL/Margate/6115-Southgate-Blvd-33068/home/41455791,Beaches MLS,F10319927,N,Y,26.2283669,-80.2070981
MLS Listing,,Condo/Co-op,3100 N Ocean Blvd Unit 2710 PH,Fort Lauderdale,FL,33308,5250000,4,4.5,L'hermitage,4200,,1997,1,1250,4260,Active,,,https://www.redfin.com/FL/Fort-Lauderdale/3100-N-Ocean-Blvd-33308/unit-2710-PH/home/178427155,Beaches MLS,F10319922,N,Y,26.1682331,-80.099325
MLS Listing,,Single Family Residential,1444 NW 112th Ter,Coral Springs,FL,33071,499900,4,2,Cypress Run 93-16 B,2054,8250,1981,1,243,,Pre On-Market,,,https://www.redfin.com/FL/Coral-Springs/1444-NW-112th-Ter-33071/home/41440905,Beaches MLS,F10319818,N,Y,26.2488638,-80.2759272
MLS Listing,,Condo/Co-op,533 NE 3rd Ave #302,Fort Lauderdale,FL,33301,320000,2,2,Sole At Fort Lauderdale,1240,,2006,1,258,578,Active,,,https://www.redfin.com/FL/Fort-Lauderdale/533-NE-3rd-Ave-33301/unit-302/home/42042837,Beaches MLS,F10319919,N,Y,26.1288755,-80.1413755
MLS Listing,,Condo/Co-op,2831 Somerset Dr #212,Lauderdale Lakes,FL,33311,109000,2,2,Somerset,865,,1973,1,126,231,Active,,,https://www.redfin.com/FL/Lauderdale-Lakes/2831-Somerset-Dr-33311/unit-212/home/41680847,Beaches MLS,F10319914,N,Y,26.1611307,-80.1907321
MLS Listing,,Single Family Residential,352 NW 37th Way,Deerfield Beach,FL,33442,619900,3,2.5,The Villages Of Hillsboro,1912,6620,1987,1,324,13,Active,February-27-2022 01:00 PM,February-27-2022 03:00 PM,https://www.redfin.com/FL/Deerfield-Beach/352-NW-37th-Way-33442/home/41401416,Beaches MLS,F10319874,N,Y,26.3221985,-80.1552654
MLS Listing,,Condo/Co-op,3051 NW 46th Ave #310,Lauderdale Lakes,FL,33313,115000,2,2,LAUDERDALE OAKS 11 CONDO,1021,,1971,1,113,325,Active,,,https://www.redfin.com/FL/Lauderdale-Lakes/3051-NW-46th-Ave-33313/unit-310/home/41596873,MARMLS,A11165764,N,Y,26.1640056,-80.210737
MLS Listing,,Condo/Co-op,6200 NW 44th St #402,Lauderhill,FL,33319,147000,2,2,GREENS OF INVERRARY PH 1,1092,,1974,1,135,,Active,,,https://www.redfin.com/FL/Lauderhill/6200-NW-44th-St-33319/unit-402/home/41590170,MARMLS,A11165774,N,Y,26.1788527,-80.234179
MLS Listing,,Single Family Residential,1850 Eagle Trace Blvd,Coral Springs,FL,33071,1250000,5,5,Eagle Trace,4263,14841,1986,1,293,216,Active,February-26-2022 12:00 PM,February-26-2022 04:00 PM,https://www.redfin.com/FL/Coral-Springs/1850-Eagle-Trace-Blvd-33071/home/41448851,Beaches MLS,F10319745,N,Y,26.2528465,-80.2851364
MLS Listing,,Condo/Co-op,421 NE 14th Ave #403,Hallandale,FL,33009,162000,1,1.5,Meadowbrook Condo,847,,1972,1,191,283,Active,,,https://www.redfin.com/FL/Hallandale-Beach/421-NE-14th-Ave-33009/unit-403/home/41953755,Beaches MLS,F10319741,N,Y,25.9914957,-80.1350513
MLS Listing,,Single Family Residential,9841 SW 3rd St,Pembroke Pines,FL,33025,485000,3,2.5,Tanglewood,1600,5508,1994,2,303,95,Active,February-26-2022 02:00 PM,February-26-2022 05:00 PM,https://www.redfin.com/FL/Pembroke-Pines/9841-SW-3rd-St-33025/home/41890170,Beaches MLS,RX-10779396,N,Y,26.0056744,-80.2763599
MLS Listing,,Condo/Co-op,850 E Commercial Blvd Unit 234D,Oakland Park,FL,33334,150000,2,1,COURTYARDS AT CIMARRON CO,830,,1973,2,181,,Active,,,https://www.redfin.com/FL/Oakland-Park/850-E-Commercial-Blvd-33334/unit-234D/home/42036550,MARMLS,A11165919,N,Y,26.1885644,-80.1363709
MLS Listing,,Townhouse,301 SE 22nd St #6,Fort Lauderdale,FL,33316,499999,2,2.5,Poinciana Court,1500,,2003,2,333,152,Active,,,https://www.redfin.com/FL/Fort-Lauderdale/301-SE-22nd-St-33316/unit-6/home/42019835,Beaches MLS,F10319909,N,Y,26.0948242,-80.1392617
MLS Listing,,Condo/Co-op,4700 SW 160th Ave #415,Miramar,FL,33027,235000,1,1,El-ad Villaggio,775,,2004,2,303,243,Active,,,https://www.redfin.com/FL/Miramar/4700-SW-160th-Ave-33027/unit-415/home/42026637,Beaches MLS,F10319490,N,Y,25.9684255,-80.3602535
MLS Listing,,Single Family Residential,16586 NW 4th St,Pembroke Pines,FL,33028,539000,3,2,Westfork I 150-43 B,1747,5225,1994,2,309,223,Active,February-27-2022 12:00 PM,February-27-2022 03:00 PM,https://www.redfin.com/FL/Pembroke-Pines/16586-NW-4th-St-33028/home/41838014,Beaches MLS,F10319906,N,Y,26.0104599,-80.3675831
MLS Listing,,Single Family Residential,2728 SE 11th St,Pompano Beach,FL,33062,1750000,3,3,Pompano Isles Sec B,2600,9375,1957,2,673,,Active,February-27-2022 12:00 PM,February-27-2022 03:00 PM,https://www.redfin.com/FL/Pompano-Beach/2728-SE-11th-St-33062/home/41695325,Beaches MLS,F10319904,N,Y,26.2166919,-80.097816
MLS Listing,,Condo/Co-op,2741 N Pine Island Rd #208,Sunrise,FL,33322,69500,1,1,SUNRISE LAKES 84 CONDO,675,,1975,2,103,312,Active,,,https://www.redfin.com/FL/Sunrise/2741-N-Pine-Island-Rd-33322/unit-208/home/41612032,MARMLS,A11165907,N,Y,26.1590752,-80.2712024
MLS Listing,,Single Family Residential,5204 SW 35th St,Davie,FL,33314,85000,2,2,Everglades lakes,,,1973,2,,1100,Active,,,https://www.redfin.com/FL/Davie/5204-SW-35th-St-33314/home/176143349,MARMLS,A11165886,N,Y,26.0784491,-80.2209788
MLS Listing,,Single Family Residential,,Coconut Creek,FL,33073,450000,3,2,Regency Lakes,1441,,1999,2,312,260,Active,February-26-2022 10:00 AM,February-26-2022 04:00 PM,https://www.redfin.com/FL/Coconut-Creek/Undisclosed-address-33073/home/41964967,Beaches MLS,RX-10779378,N,Y,26.3083562,-80.1902745
MLS Listing,,Condo/Co-op,10180 NW 30th Ct #212,Sunrise,FL,33322,174000,2,2,Sunrise Lakes 170 Condo,850,,1980,2,205,372,Active,,,https://www.redfin.com/FL/Sunrise/10180-NW-30th-Ct-33322/unit-212/home/41613435,Beaches MLS,RX-10779376,N,Y,26.1631291,-80.2855065
MLS Listing,,Single Family Residential,305 Isle Of Capri Dr,Fort Lauderdale,FL,33301,3195000,5,4.5,Las Olas Rental Llc,2780,,1988,2,1149,,Active,March-5-2022 12:00 PM,March-5-2022 03:00 PM,https://www.redfin.com/FL/Fort-Lauderdale/305-Isle-of-Capri-Dr-33301/home/41802344,Beaches MLS,F10319894,N,Y,26.11921,-80.124488
MLS Listing,,Single Family Residential,2281 SE 11th St,Pompano Beach,FL,33062,1875000,3,3.5,Pompano Isles Sec B,2049,7500,1978,2,915,,Active,,,https://www.redfin.com/FL/Pompano-Beach/2281-SE-11th-St-33062/home/41695828,Beaches MLS,RX-10779375,N,Y,26.2164301,-80.1029431
MLS Listing,,Single Family Residential,2329 Woodlands Way #2329,Deerfield Beach,FL,33442,449000,3,2,Woodlands Of Deer Creek,1679,,1980,2,267,140,Active,,,https://www.redfin.com/FL/Deerfield-Beach/2329-Woodlands-Way-33442/unit-2329/home/178423203,Beaches MLS,F10319129,N,Y,26.3192067,-80.1353816
MLS Listing,,Condo/Co-op,5640 NW 61st St #1429,Coconut Creek,FL,33073,189900,1,1,Club Caribe Condo,846,,1998,2,224,297,Active,,,https://www.redfin.com/FL/Coconut-Creek/5640-NW-61st-St-33073/unit-1429/home/42048050,Beaches MLS,RX-10779370,N,Y,26.302095,-80.198398
MLS Listing,,Single Family Residential,1093 Smoke Tree Ct,Weston,FL,33326,1100000,5,3,COUNTRY ISLES MANOR HOMES,2926,13236,1992,2,376,188,Active,February-26-2022 12:00 PM,February-26-2022 04:00 PM,https://www.redfin.com/FL/Weston/1093-Smoke-Tree-Ct-33326/home/41725446,MARMLS,A11152187,N,Y,26.108866,-80.3655605
MLS Listing,,Condo/Co-op,4215 N University Dr #109,Sunrise,FL,33351,158000,1,1.5,SPRING CREST CONDO,830,,1981,2,190,312,Active,,,https://www.redfin.com/FL/Sunrise/4215-N-University-Dr-33351/unit-109/home/41584637,MARMLS,A11165869,N,Y,26.1760256,-80.2543914
MLS Listing,,Single Family Residential,2231 SW 16th Ter,Fort Lauderdale,FL,33315,879000,4,3.5,Georgian Oaks 175-177 B,3216,5295,2013,2,273,115,Active,,,https://www.redfin.com/FL/Fort-Lauderdale/2231-SW-16th-Ter-33315/home/42062078,Beaches MLS,F10319895,N,Y,26.0939565,-80.162809
MLS Listing,,Condo/Co-op,8605 W Sample Rd #305,Coral Springs,FL,33065,220000,2,2,CORAL SPRING GARDENS EAST,1000,,1976,2,220,366,Active,,,https://www.redfin.com/FL/Coral-Springs/8605-W-Sample-Rd-33065/unit-305/home/41419524,MARMLS,A11165885,N,Y,26.2726308,-80.2416721
MLS Listing,,Single Family Residential,181 NW 24th Ct,Pompano Beach,FL,33064,315000,2,2,LEISUREVILLE SEC 1,1020,2250,1968,2,309,232,Active,,,https://www.redfin.com/FL/Pompano-Beach/181-NW-24th-Ct-33064/home/41488643,MARMLS,A11165884,N,Y,26.261168,-80.1256076
MLS Listing,,Condo/Co-op,5061 W Oakland Park Blvd #106,Lauderdale Lakes,FL,33313,65000,1,1,Hawaiian Gardens,684,,1970,2,95,289,Active,,,https://www.redfin.com/FL/Lauderdale-Lakes/5061-W-Oakland-Park-Blvd-33313/unit-106/home/41593690,Beaches MLS,F10319751,N,Y,26.168247,-80.217022
MLS Listing,,Condo/Co-op,330 SE 20 Ave #408,Deerfield Beach,FL,33441,799000,2,2.5,Beach House,1456,,1986,2,549,705,Active,,,https://www.redfin.com/FL/Deerfield-Beach/330-SE-20th-Ave-33441/unit-408/home/41508250,Beaches MLS,F10319726,N,Y,26.3111985,-80.0764972
MLS Listing,,Condo/Co-op,2501 S Ocean Dr #1633,Hollywood,FL,33019,550000,1,1.5,WAVE CONDO,835,,1968,2,659,681,Active,,,https://www.redfin.com/FL/Hollywood/2501-S-Ocean-Dr-33019/unit-1633/home/42030739,MARMLS,A11165876,N,Y,25.9972831,-80.1174718
MLS Listing,,Single Family Residential,14843 SW 41st St,Davie,FL,33331,1400000,4,4,RIVERSTONE,4775,36734,2005,2,293,300,Active,February-27-2022 11:45 AM,February-27-2022 03:45 PM,https://www.redfin.com/FL/Davie/14843-SW-41st-St-33331/home/42014320,MARMLS,A11165347,N,Y,26.0664032,-80.347202
MLS Listing,,Condo/Co-op,1700 S Ocean Blvd Unit 10A,Lauderdale By The Sea,FL,33062,1899000,3,3,Cristelle,3200,,1998,2,593,2231,Pre On-Market,,,https://www.redfin.com/FL/Pompano-Beach/1700-S-Ocean-Blvd-33062/unit-10A/home/41977329,Beaches MLS,F10319893,N,Y,26.2092084,-80.0926919
MLS Listing,,Condo/Co-op,200 Ventnor L #200,Deerfield Beach,FL,33442,124900,2,2,Century Village East,829,,1978,2,151,501,Active,,,https://www.redfin.com/FL/Deerfield-Beach/3313-W-Hillsboro-Blvd-33442/unit-200/home/104360823,Beaches MLS,F10319598,N,Y,26.3184578,-80.14829
MLS Listing,,Single Family Residential,7646 NW 38th Ct,Sunrise,FL,33351,290000,3,2,SPRINGTREE,1284,1560,1987,2,226,100,Active,,,https://www.redfin.com/FL/Sunrise/7646-NW-38th-Ct-33351/home/41582760,MARMLS,A11165070,N,Y,26.1714619,-80.252809
MLS Listing,,Condo/Co-op,140 SW 96th Ter #204,Plantation,FL,33324,270000,2,2,FOUNTAINS OF JACARANDA #2,1490,,1982,2,181,447,Active,,,https://www.redfin.com/FL/Plantation/140-SW-96th-Ter-33324/unit-204/home/41757621,MARMLS,A11165586,N,Y,26.1190217,-80.2775601
MLS Listing,,Condo/Co-op,2700 W Sunrise Lakes Dr #304,Sunrise,FL,33322,149900,2,2,SUNRISE LAKES 7 CONDO,850,,1972,2,176,380,Active,,,https://www.redfin.com/FL/Sunrise/2700-Sunrise-Lakes-Dr-W-33322/unit-304/home/41604936,MARMLS,A11165642,N,Y,26.1587772,-80.2560465
MLS Listing,,Single Family Residential,931 NW 53rd St #931,Deerfield Beach,FL,33064,249000,2,2,LAKES,1200,,1984,2,208,257,Active,,,https://www.redfin.com/FL/Pompano-Beach/931-NW-53rd-St-33064/unit-931/home/178422558,MARMLS,A11165308,N,Y,26.295798,-80.137195
MLS Listing,,Condo/Co-op,8280 SW 24th St #7310,North Lauderdale,FL,33068,69000,1,1.5,Oakbrook Village,850,,1977,2,81,350,Active,,,https://www.redfin.com/FL/North-Lauderdale/8280-SW-24th-St-33068/unit-7310/home/41562698,Beaches MLS,F10319863,N,Y,26.1990226,-80.2392325
MLS Listing,,Single Family Residential,1971 NW 44th St,Oakland Park,FL,33309,435000,3,2,OAKWOOD HEIGHTS,1639,6800,2000,2,265,50,Active,,,https://www.redfin.com/FL/Fort-Lauderdale/1971-NW-44th-St-33309/home/41977709,MARMLS,A11165856,N,Y,26.1812937,-80.1700032
MLS Listing,,Townhouse,,Davie,FL,33331,410000,3,2.5,,1691,,1991,2,242,250,Active,,,https://www.redfin.com/FL/Davie/Undisclosed-address-33331/home/178422480,Beaches MLS,F10319746,N,Y,26.0597,-80.3561409
MLS Listing,,Single Family Residential,1133 Hidden Valley Way,Weston,FL,33327,700000,4,2.5,SECTOR 3 - PARCELS H I J,1968,6777,1996,2,356,153,Active,February-27-2022 01:00 PM,February-27-2022 03:00 PM,https://www.redfin.com/FL/Weston/1133-Hidden-Valley-Way-33327/home/41718198,MARMLS,A11162324,N,Y,26.1330843,-80.4115477
MLS Listing,,Single Family Residential,4500 SW 25th Ter,Fort Lauderdale,FL,33312,899000,5,3,Seaboard Park 12-24 B,2946,7129,2009,2,305,,Active,February-26-2022 02:00 PM,February-26-2022 05:00 PM,https://www.redfin.com/FL/Fort-Lauderdale/4500-SW-25th-Ter-33312/home/41816194,Beaches MLS,F10319738,N,Y,26.0659755,-80.1745107
MLS Listing,,Multi-Family (2-4 Unit),4896 SW 28th Ter,Dania Beach,FL,33312,550000,3,4,JACARANDA HEIGHTS,979,,1953,2,562,,Active,,,https://www.redfin.com/FL/Fort-Lauderdale/4896-SW-28th-Ter-33312/home/41819437,MARMLS,A11165849,N,Y,26.0612769,-80.1787226
MLS Listing,,Condo/Co-op,2200 N Ocean Blvd Unit N401,Fort Lauderdale,FL,33305,5400000,5,5,Auberge Beach,3422,,2018,2,1578,4638,Active,,,https://www.redfin.com/FL/Fort-Lauderdale/2200-N-Ocean-Blvd-33305/unit-N401/home/148713429,MARMLS,A11165393,N,Y,26.1567705,-80.1007178
MLS Listing,,Condo/Co-op,3201 N Course Ln #107,Pompano Beach,FL,33069,340000,3,2,Palm Aire Country Club,1444,,1973,2,235,475,Active,,,https://www.redfin.com/FL/Pompano-Beach/3201-N-Course-Ln-33069/unit-107/home/41638839,Beaches MLS,F10319860,N,Y,26.225733,-80.169206
MLS Listing,,Single Family Residential,,Weston,FL,33326,549000,3,2,Bonaventure,1559,5303,1996,2,352,120,Active,,,https://www.redfin.com/FL/Weston/Undisclosed-address-33326/home/41723879,Beaches MLS,RX-10779338,N,Y,26.1288364,-80.3808489
MLS Listing,,Single Family Residential,1770 SW 84th Ter,Miramar,FL,33025,409000,3,2,UNIVERSITY PARK PARCELS 4,1029,6216,1983,2,397,35,Active,,,https://www.redfin.com/FL/Miramar/1770-SW-84th-Ter-33025/home/41900042,MARMLS,A11163688,N,Y,25.9934617,-80.2555892
MLS Listing,,Condo/Co-op,7775 NW 22nd St #104,Pembroke Pines,FL,33024,239000,2,2,The Preserve Walnut Creek,815,,2001,2,293,338,Active,,,https://www.redfin.com/FL/Pembroke-Pines/7775-NW-22nd-St-33024/unit-104/home/42009653,Beaches MLS,F10319880,N,Y,26.0289711,-80.2438727
MLS Listing,,Condo/Co-op,1200 Hillsboro Mile #1103,Hillsboro Beach,FL,33062,1499000,3,2.5,1200 HILLSBORO MILE CONDO,1881,,2015,2,797,1134,Active,,,https://www.redfin.com/FL/Hillsboro-Beach/1200-Hillsboro-Mile-33062/unit-1103/home/42077356,MARMLS,A11164130,N,Y,26.2998963,-80.0793779
MLS Listing,,Single Family Residential,11611 NW 34th Pl,Sunrise,FL,33323,429900,3,2,Windward Isles,1589,7871,1980,2,271,,Active,,,https://www.redfin.com/FL/Sunrise/11611-NW-34th-Pl-33323/home/41531620,Beaches MLS,F10319835,N,Y,26.1692933,-80.3033343
MLS Listing,,Single Family Residential,13241 NW 12th Ct,Sunrise,FL,33323,549000,3,2,SAVANNAH P U D PLAT 1,1727,5500,1989,2,318,215,Active,,,https://www.redfin.com/FL/Sunrise/13241-NW-12th-Ct-33323/home/41533342,MARMLS,A11163836,N,Y,26.137774,-80.326708
MLS Listing,,Condo/Co-op,4711 Carambola Cir N #2792,Coconut Creek,FL,33066,239000,2,2,Applewood Village 3-a Condo,978,,1987,2,244,347,Active,,,https://www.redfin.com/FL/Coconut-Creek/4711-Carambola-Cir-N-33066/unit-2792/home/41483646,Beaches MLS,RX-10779334,N,Y,26.2692638,-80.1770205
MLS Listing,,Multi-Family (2-4 Unit),819 NW 1st Ave,Fort Lauderdale,FL,33311,1095000,6,4,Progresso 2-18 D,2900,,2022,2,378,,Active,,,https://www.redfin.com/FL/Fort-Lauderdale/819-NW-1st-Ave-33311/home/41694219,Beaches MLS,F10319501,N,Y,26.13399,-80.145339
MLS Listing,,Condo/Co-op,13250 SW 7th Ct Unit 308L,Pembroke Pines,FL,33027,146900,1,1.5,KINGSLEY AT CENTURY VILLA,811,,1985,2,181,230,Active,,,https://www.redfin.com/FL/Pembroke-Pines/13250-SW-7th-Ct-33027/unit-308L/home/104358826,MARMLS,A11162045,N,Y,26.0011727,-80.3237472
MLS Listing,,Single Family Residential,3660 NW 116 Ter,Sunrise,FL,33323,585000,4,2.5,Sunrise Golf Village Sect,2016,,1985,2,290,,Active,,,https://www.redfin.com/FL/Sunrise/3660-NW-116th-Ter-33323/home/41533792,Beaches MLS,F10318893,N,Y,26.1719551,-80.3035084
MLS Listing,,Condo/Co-op,2482 NW 89th Dr,Coral Springs,FL,33065,215000,2,2,Beacon Place,850,,1989,2,253,362,Active,,,https://www.redfin.com/FL/Coral-Springs/2482-NW-89th-Dr-33065/unit-2482/home/41429489,Beaches MLS,F10319112,N,Y,26.260587,-80.245059
MLS Listing,,Condo/Co-op,730 N Ocean Blvd #1205,Pompano Beach,FL,33062,1700000,3,3,SABBIA BEACH CONDO,1830,,2019,2,929,,Active,,,https://www.redfin.com/FL/Pompano-Beach/730-N-Ocean-Blvd-33062/unit-1205/home/143148387,MARMLS,A11165788,N,Y,26.2439377,-80.0874082
MLS Listing,,Condo/Co-op,8305 Sunrise Lakes Blvd #212,Sunrise,FL,33322,150000,2,2,SUNRISE LAKES 39 CONDO,850,,1974,2,176,354,Active,,,https://www.redfin.com/FL/Sunrise/8305-Sunrise-Lakes-Blvd-33322/unit-212/home/41608391,MARMLS,A11165747,N,Y,26.1618584,-80.262732
MLS Listing,,Single Family Residential,2621 NE 3rd Ave,Pompano Beach,FL,33064,450000,3,2,FAULKNER PARK SEC 3,992,7525,1959,2,454,,Active,,,https://www.redfin.com/FL/Pompano-Beach/2621-NE-3rd-Ave-33064/home/41485413,MARMLS,A11165729,N,Y,26.2642039,-80.1193259
MLS Listing,,Condo/Co-op,7460 NW 18th St #201,Margate,FL,33063,115000,2,2,PALM SPRINGS # 3 CONDO 23,1000,,1978,2,115,315,Active,,,https://www.redfin.com/FL/Margate/7460-NW-18th-St-33063/unit-201/home/41438469,MARMLS,A11165553,N,Y,26.2481942,-80.2252256
MLS Listing,,Condo/Co-op,4800 Hillcrest Ln #506,Hollywood,FL,33021,149999,2,2,HILLCREST COUNTRY CLUB #1,992,,1992,2,151,430,Active,,,https://www.redfin.com/FL/Hollywood/4800-Hillcrest-Ln-33021/unit-506/home/41939594,MARMLS,A11161096,N,Y,26.0014569,-80.1912116
MLS Listing,,Single Family Residential,16755 Berkshire Ct,Southwest Ranches,FL,33331,6900000,7,7.5,LANDMARK RANCH ESTATES,9326,99511,2007,2,740,733,Active,,,https://www.redfin.com/FL/Southwest-Ranches/16755-Berkshire-Ct-33331/home/42016324,MARMLS,A11163783,N,Y,26.0476775,-80.3733899
MLS Listing,,Single Family Residential,890 Renmar Dr,Plantation,FL,33317,600000,4,3,Royal Palm Estates Sec 2,13000,13000,1972,2,46,,Active,February-27-2022 12:00 PM,February-27-2022 02:00 PM,https://www.redfin.com/FL/Plantation/890-SW-66th-Ave-33317/home/104335685,Beaches MLS,F10319036,N,Y,26.110397,-80.240059
MLS Listing,,Single Family Residential,2600 Inlet Dr,Fort Lauderdale,FL,33316,6950000,4,5,Breakwater 42-19 B,4888,6331,2009,2,1422,185,Active,,,https://www.redfin.com/FL/Fort-Lauderdale/2600-Inlet-Dr-33316/home/41804144,Beaches MLS,F10319838,N,Y,26.0951619,-80.1105132
MLS Listing,,Condo/Co-op,2301 NW 33rd St #101,Oakland Park,FL,33309,230000,2,2,Sailboat Pointe,1241,,1992,2,185,495,Active,,,https://www.redfin.com/FL/Oakland-Park/2301-NW-33rd-St-33309/unit-101/home/42034644,Beaches MLS,F10319527,N,Y,26.167922,-80.175662
MLS Listing,,Single Family Residential,6700 NW 74th Ave,Tamarac,FL,33321,399000,2,2,MAINLANDS OF TAMARAC LAKE,1664,9375,1972,2,240,,Active,,,https://www.redfin.com/FL/Tamarac/6700-NW-74th-Ave-33321/home/41562325,MARMLS,A11165760,N,Y,26.2064519,-80.2500575
MLS Listing,,Single Family Residential,12634 NW 7th St,Coral Springs,FL,33071,575000,3,2.5,LAKEVIEW WEST,2160,5086,2001,2,266,228,Active,,,https://www.redfin.com/FL/Coral-Springs/12634-NW-7th-St-33071/home/42004843,MARMLS,A11164912,N,Y,26.2380545,-80.2949977
MLS Listing,,Condo/Co-op,8770 Azalea Ct #104,Tamarac,FL,33321,220000,3,2,Cypress At Woodmont,1789,,1980,2,123,400,Active,,,https://www.redfin.com/FL/Tamarac/8770-Azalea-Ct-33321/unit-104/home/41549468,Beaches MLS,F10319858,N,Y,26.2204202,-80.2726307
MLS Listing,,Single Family Residential,808 Polk St,Hollywood,FL,33019,1399000,3,2,HOLLYWOOD LAKES SEC,1632,9595,1955,2,857,,Active,,,https://www.redfin.com/FL/Hollywood/808-Polk-St-33019/home/41933992,MARMLS,A11165172,N,Y,26.0137623,-80.1211133
MLS Listing,,Single Family Residential,6784 NW 62 Ter Ter,Parkland,FL,33067,2100000,5,5,Pine Tree Estates,4800,47480,1991,2,438,,Active,February-27-2022 12:00 PM,February-27-2022 01:30 PM,https://www.redfin.com/FL/Parkland/6784-NW-62nd-Ter-33067/home/41402392,Beaches MLS,RX-10779300,N,Y,26.3137668,-80.2089067
MLS Listing,,Single Family Residential,4025 Marina Way,Deerfield Beach,FL,33064,650000,4,3,Crystal Lake 1st,2179,5200,2020,2,298,279,Active,February-27-2022 12:00 PM,February-27-2022 03:00 PM,https://www.redfin.com/FL/Lighthouse-Point/4025-Marina-Way-33064/home/171252240,Beaches MLS,RX-10779298,N,Y,26.2798037,-80.1410516
MLS Listing,,Single Family Residential,2320 SW 42nd Way,Fort Lauderdale,FL,33317,389700,4,3,BROADVIEW PARK SEC 4,1538,6500,1956,2,253,,Active,,,https://www.redfin.com/FL/Fort-Lauderdale/2320-SW-42nd-Way-33317/home/41759869,MARMLS,A11165705,N,Y,26.0927079,-80.2060522
MLS Listing,,Condo/Co-op,4508 SW 160th Ave #722,Miramar,FL,33027,339000,2,2,EL-AD VILLAGGIO CONDO,1118,,2004,2,303,365,Active,,,https://www.redfin.com/FL/Miramar/4508-SW-160th-Ave-33027/unit-722/home/42027269,MARMLS,A11162560,N,Y,25.969585,-80.36077
MLS Listing,,Condo/Co-op,1609 N Riverside Dr #304,Pompano Beach,FL,33062,299000,1,1.5,Seacrest Towers,960,,1971,2,311,524,Pre On-Market,,,https://www.redfin.com/FL/Pompano-Beach/1609-N-Riverside-Dr-33062/unit-304/home/41526616,Beaches MLS,F10319856,N,Y,26.2527577,-80.0888484
MLS Listing,,Townhouse,1301 Bayview Dr #1,Fort Lauderdale,FL,33304,539000,2,2.5,Casa Bayview Condo,1250,,1987,2,431,600,Active,,,https://www.redfin.com/FL/Fort-Lauderdale/1301-Bayview-Dr-33304/unit-1/home/41691683,Beaches MLS,F10319824,N,Y,26.1436795,-80.1128909
MLS Listing,,Single Family Residential,259 Miramar Ave,Lauderdale By The Sea,FL,33308,1499000,3,3,Silver Shores-sub Tr D,2000,7800,1953,2,750,,Active,,,https://www.redfin.com/FL/Lauderdale-By-The-Sea/259-Miramar-Ave-33308/home/41705842,Beaches MLS,F10319828,N,Y,26.1887734,-80.1008705
MLS Listing,,Single Family Residential,6307 SW 20 St,North Lauderdale,FL,33068,260000,3,1,Broadview Country Club ES,1134,3911,1962,2,229,,Active,,,https://www.redfin.com/FL/Pompano-Beach/6307-SW-20th-St-33068/home/41568037,Beaches MLS,RX-10779295,N,Y,26.202318,-80.209027
MLS Listing,,Condo/Co-op,1301 SW 142nd Ave Unit 404H,Pembroke Pines,FL,33027,189900,2,1.5,SUFFOLK @ CENTURY VILLAGE,1032,,1995,2,184,487,Active,,,https://www.redfin.com/FL/Pembroke-Pines/1301-SW-142nd-Ave-33027/unit-404H/home/41844511,MARMLS,A11165719,N,Y,25.9960265,-80.332669
MLS Listing,,Single Family Residential,926 NE 17th Way,Fort Lauderdale,FL,33304,989000,3,2.5,Village At Victoria Park,2427,3141,2016,2,407,285,Pre On-Market,,,https://www.redfin.com/FL/Fort-Lauderdale/926-NE-17th-Way-33304/home/60391760,Beaches MLS,F10319641,N,Y,26.1359273,-80.1235247
MLS Listing,,Single Family Residential,7603 NW 99th Ter,Tamarac,FL,33321,439000,3,2.5,POINTE VILLAS,2196,4376,2001,2,200,116,Active,,,https://www.redfin.com/FL/Tamarac/7603-NW-99th-Ter-33321/home/41552620,MARMLS,A11165703,N,Y,26.216152,-80.2838955
MLS Listing,,Single Family Residential,5821 Hope St,Hollywood,FL,33021,335000,3,1,Playland Estates Sec 3 36,997,6200,1955,2,336,,Pre On-Market,,,https://www.redfin.com/FL/Hollywood/5821-Hope-St-33021/home/41865077,Beaches MLS,F10319847,N,Y,26.0331258,-80.2048755
MLS Listing,,Single Family Residential,9428 NW 46th Ct,Sunrise,FL,33351,545000,3,2,LAKEVIEW HOMES PH 1,1893,7675,1978,2,288,,Active,,,https://www.redfin.com/FL/Sunrise/9428-NW-46th-Ct-33351/home/41578054,MARMLS,A11165698,N,Y,26.182545,-80.2777343
MLS Listing,,Mobile/Manufactured Home,8381 SW 21st Ct,Davie,FL,33324,235000,2,2,Park City Sec 3 B 75-11 B,1664,5541,1973,2,141,110,Active,,,https://www.redfin.com/FL/Davie/8381-SW-21st-Ct-33324/home/41764343,Beaches MLS,F10319844,N,Y,26.0932178,-80.2605979
MLS Listing,,Townhouse,16360 SW 47th Ct,Miramar,FL,33027,425000,3,2.5,RIVIERA ISLES IV,1960,,2004,2,217,265,Active,,,https://www.redfin.com/FL/Miramar/16360-SW-47th-Ct-33027/home/42019031,MARMLS,A11165339,N,Y,25.9708219,-80.3635989
MLS Listing,,Single Family Residential,4131 NW 10th St,Coconut Creek,FL,33066,549900,4,2,Coconut Creek 11th Sec 74,1729,9600,1974,2,318,,Pre On-Market,March-5-2022 12:00 PM,March-5-2022 03:00 PM,https://www.redfin.com/FL/Coconut-Creek/4131-NW-10th-St-33066/home/41501253,Beaches MLS,F10319503,N,Y,26.2430438,-80.1773712
MLS Listing,,Single Family Residential,7908 NW 83rd St,Tamarac,FL,33321,649000,3,2.5,Woodmont Tr 50 109-48 B,2410,9200,1985,2,269,8,Active,,,https://www.redfin.com/FL/Tamarac/7908-NW-83rd-St-33321/home/41548234,Beaches MLS,F10319841,N,Y,26.2272979,-80.2573532
MLS Listing,,Single Family Residential,8495 NW 29th Ct,Coral Springs,FL,33065,560000,3,2,FOREST HILLS,1693,11731,1972,2,331,,Active,,,https://www.redfin.com/FL/Coral-Springs/8495-NW-29th-Ct-33065/home/41428141,MARMLS,A11165621,N,Y,26.2664735,-80.2387751
MLS Listing,,Condo/Co-op,1470 N Dixie Hwy #30,Fort Lauderdale,FL,33304,164000,1,1,Wisteria Court Condo,581,,1975,2,282,335,Active,,,https://www.redfin.com/FL/Fort-Lauderdale/1470-N-Dixie-Hwy-33304/unit-30/home/42052079,Beaches MLS,F10318947,N,Y,26.1463634,-80.1352265
MLS Listing,,Condo/Co-op,101 NE 41st St Unit 71E,Oakland Park,FL,33334,140000,2,1,The Courts At Oakland Par,590,,1978,2,237,200,Active,,,https://www.redfin.com/FL/Oakland-Park/101-NE-41st-St-33334/unit-E71/home/42061014,Beaches MLS,F10319680,N,Y,26.1784913,-80.1456115
MLS Listing,,Single Family Residential,1735 Eagle Trace Blvd,Coral Springs,FL,33071,1199000,4,4,Eagle Trace,3879,25439,2003,2,309,216,Pre On-Market,,,https://www.redfin.com/FL/Coral-Springs/1735-Eagle-Trace-Blvd-33071/home/41445376,Beaches MLS,F10319034,N,Y,26.2498143,-80.2848752
MLS Listing,,Condo/Co-op,2903 Victoria Cir Unit A4,Coconut Creek,FL,33066,225000,2,2,VICTORIA VILLAGE G CONDO,1291,,1978,2,174,573,Active,,,https://www.redfin.com/FL/Coconut-Creek/2903-Victoria-Cir-33066/unit-A4/home/41497379,MARMLS,A11165261,N,Y,26.2497238,-80.1818832
MLS Listing,,Single Family Residential,7121 Charleston St,Hollywood,FL,33024,365000,3,2,DRIFTWOOD ACRES NO 17,1268,6210,1979,2,288,,Active,,,https://www.redfin.com/FL/Hollywood/7121-Charleston-St-33024/home/41865295,MARMLS,A11165118,N,Y,26.0389494,-80.2313689
MLS Listing,,Condo/Co-op,3505 NW 48th Ave Unit N-405,Lauderdale Lakes,FL,33319,135000,2,2,Hawaiian Gardens Ph-6,944,,1973,2,143,310,Active,,,https://www.redfin.com/FL/Lauderdale-Lakes/3505-NW-48th-Ave-33319/unit-N-405/home/178419335,Beaches MLS,F10319712,N,Y,26.171449,-80.213553
MLS Listing,,Single Family Residential,8214 NW 57th Ct,Tamarac,FL,33321,225000,2,1,Mainlands Of Tamarac Lake,1062,5001,1970,2,212,83,Active,February-27-2022 01:00 PM,February-27-2022 03:00 PM,https://www.redfin.com/FL/Tamarac/8214-NW-57th-Ct-33321/home/41557894,Beaches MLS,F10316048,N,Y,26.1952214,-80.2609028
MLS Listing,,Condo/Co-op,551 N Fort Lauderdale Beach Blvd Unit H904,Fort Lauderdale,FL,33304,449000,0,1,551 FLB CONDOMINIUM HOTEL,445,,2009,2,1009,1610,Active,,,https://www.redfin.com/FL/Fort-Lauderdale/551-N-Fort-Lauderdale-Beach-Blvd-33304/unit-H904/home/63058508,MARMLS,A11165608,N,Y,26.1308727,-80.1040339
MLS Listing,,Condo/Co-op,1470 N Dixie Hwy #20,Fort Lauderdale,FL,33304,164900,1,1,Wisteria Court Condo,576,,1975,2,286,332,Active,,,https://www.redfin.com/FL/Fort-Lauderdale/1470-N-Dixie-Hwy-33304/unit-20/home/42052089,Beaches MLS,F10318946,N,Y,26.1463634,-80.1352265
MLS Listing,,Condo/Co-op,935 SE 9th Ave #9,Pompano Beach,FL,33060,235000,2,2,Cypress Island Co-op 4,1000,,1967,2,235,425,Active,,,https://www.redfin.com/FL/Pompano-Beach/935-SE-9th-Ave-33060/unit-9/home/41635167,Beaches MLS,RX-10779271,N,Y,26.2200316,-80.1074809
MLS Listing,,Condo/Co-op,600 Three Islands Blvd #917,Hallandale Beach,FL,33009,270000,1,1.5,OLYMPUS CONDO,1000,,1975,2,270,530,Active,,,https://www.redfin.com/FL/Hallandale-Beach/600-Three-Islands-Blvd-33009/unit-917/home/41958158,MARMLS,A11165632,N,Y,25.9929575,-80.126371
MLS Listing,,Condo/Co-op,101 E Mcnab Rd #416,Pompano Beach,FL,33060,165000,1,1,BARCELONA GARDENS 400 CON,750,,1972,2,220,290,Active,,,https://www.redfin.com/FL/Pompano-Beach/101-E-McNab-Rd-33060/unit-416/home/41635587,MARMLS,A11165626,N,Y,26.211674,-80.1216816
MLS Listing,,Single Family Residential,2227 NW 9th Ct,Fort Lauderdale,FL,33311,299000,3,1,FRANKLIN PARK AMENDED,1050,5001,1956,2,285,,Active,,,https://www.redfin.com/FL/Fort-Lauderdale/2227-NW-9th-Ct-33311/home/41787454,MARMLS,A11164970,N,Y,26.1352011,-80.1733167
MLS Listing,,Townhouse,10161 SW 21st St #10161,Miramar,FL,33025,409900,3,2,AVALON,1498,,2001,2,274,253,Active,,,https://www.redfin.com/FL/Miramar/10161-SW-21st-St-33025/unit-10161/home/104450139,MARMLS,A11165427,N,Y,25.9911,-80.281223
MLS Listing,,Condo/Co-op,3101 Bayshore Dr #701,Fort Lauderdale,FL,33304,795000,1,1,FORT LAUDERDALE RESIDENCE,709,,2010,2,1121,1083,Active,,,https://www.redfin.com/FL/Fort-Lauderdale/3101-Bayshore-Dr-33304/unit-701/home/42081885,MARMLS,A11165607,N,Y,26.1285827,-80.1039467
MLS Listing,,Condo/Co-op,1800 S Ocean Dr #3708,Hallandale Beach,FL,33009,980000,3,3,BEACH CLUB THREE CONDO,1571,,2006,2,624,1170,Active,,,https://www.redfin.com/FL/Hallandale-Beach/1800-S-Ocean-Dr-33009/unit-3708/home/42073839,MARMLS,A11165518,N,Y,25.9856666,-80.1186933
MLS Listing,,Condo/Co-op,3760 Inverrary Dr Unit 1P,Lauderhill,FL,33319,165000,3,3,International Village,1550,,1975,2,106,712,Active,,,https://www.redfin.com/FL/Lauderhill/3760-Inverrary-Dr-33319/unit-1P/home/41587485,Beaches MLS,F10319797,N,Y,26.1721315,-80.228733
MLS Listing,,Condo/Co-op,10145 Sunrise Lakes Blvd #107,Sunrise,FL,33322,149500,2,2,SUNRISE LAKES 157 CONDO,1110,,1980,2,135,620,Active,,,https://www.redfin.com/FL/Sunrise/10145-Sunrise-Lakes-Blvd-33322/unit-107/home/41614868,MARMLS,A11165563,N,Y,26.162499,-80.2853106
MLS Listing,,Single Family Residential,9200 NW 55th St,Sunrise,FL,33351,450000,4,2.5,HOME DYNAMICS SUNRISE PLA,1815,4915,2000,2,248,60,Active,,,https://www.redfin.com/FL/Sunrise/9200-NW-55th-St-33351/home/41997382,MARMLS,A11165612,N,Y,26.1914122,-80.2727483
MLS Listing,,Condo/Co-op,1525 SE 15th St #4,Fort Lauderdale,FL,33316,549000,2,2,SOUTH EAST ISLANDER APTS,900,,1962,2,610,300,Active,,,https://www.redfin.com/FL/Fort-Lauderdale/1525-SE-15th-St-33316/unit-4/home/41805776,MARMLS,A11164611,N,Y,26.1034283,-80.1267505
MLS Listing,,Condo/Co-op,900 Colony Point Cir #307,Pembroke Pines,FL,33026,229999,2,2,COLONY POINT 1 CONDO,852,,1981,2,270,429,Active,,,https://www.redfin.com/FL/Pembroke-Pines/900-Colony-Point-Cir-33026/unit-307/home/41841546,MARMLS,A11165611,N,Y,26.0138446,-80.3025507
MLS Listing,,Single Family Residential,7891 NW 13 St,Pembroke Pines,FL,33024,359900,2,1,Boulevard Heights,,,1965,2,,,Active,,,https://www.redfin.com/FL/Pembroke-Pines/7891-NW-13th-St-33024/home/41877425,Beaches MLS,F10319821,N,Y,26.0203208,-80.2459952
MLS Listing,,Single Family Residential,391 NW 48th Ave,Deerfield Beach,FL,33442,520000,3,2,Coquina Lakes 105-22 B,1621,10275,1984,2,321,180,Active,February-27-2022 11:00 AM,February-27-2022 02:00 PM,https://www.redfin.com/FL/Deerfield-Beach/391-NW-48th-Ave-33442/home/41400344,Beaches MLS,F10319622,N,Y,26.3223565,-80.16948
MLS Listing,,Single Family Residential,2131 SW 28 Way,Fort Lauderdale,FL,33312,695000,3,2,Riverland Woods,1768,19714,1964,2,393,,Active,,,https://www.redfin.com/FL/Fort-Lauderdale/2131-SW-28th-Way-33312/home/41807920,Beaches MLS,F10319811,N,Y,26.0952542,-80.1817742
MLS Listing,,Single Family Residential,6201 Falconsgate Ave,Davie,FL,33331,749000,4,2,Falcons Lea 128-6 B,2210,10005,1987,2,339,31,Active,,,https://www.redfin.com/FL/Davie/6201-Falconsgate-Ave-33331/home/41830940,Beaches MLS,F10319651,N,Y,26.0416876,-80.3467669
MLS Listing,,Single Family Residential,200 N 52nd Ave,Hollywood,FL,33021,545000,3,2,HOLLYWOOD HILLS,1673,10651,1963,2,326,,Active,,,https://www.redfin.com/FL/Hollywood/200-N-52nd-Ave-33021/home/41927206,MARMLS,A11164532,N,Y,26.0115468,-80.1960716
MLS Listing,,Condo/Co-op,5300 Washington St Unit O224,Hollywood,FL,33021,109900,1,1,Beverly Hills Condo,720,,1972,2,153,257,Active,,,https://www.redfin.com/FL/Hollywood/5300-Washington-St-33021/unit-O224/home/41944556,Beaches MLS,F10319808,N,Y,26.00252,-80.1968652
MLS Listing,,Vacant Land,325 Walnut St,Hollywood,FL,33019,1150000,,,Hollywood,,3146,,2,,,Active,,,https://www.redfin.com/FL/Hollywood/325-Walnut-St-33019/home/162465753,MARMLS,A11165568,N,Y,26.0509969,-80.1133205
MLS Listing,,Single Family Residential,13020 SW 13th St,Davie,FL,33325,865800,4,3,TARALYNE,2724,10874,2015,2,318,200,Active,February-27-2022 01:00 PM,February-27-2022 03:00 PM,https://www.redfin.com/FL/Davie/13020-SW-13th-St-33325/home/55092541,MARMLS,A11157290,N,Y,26.1033426,-80.3228339
MLS Listing,,Condo/Co-op,3776 Inverrary Blvd Unit 308r,Lauderhill,FL,33319,130000,2,2,Las Vistas,904,,1974,2,144,173,Active,,,https://www.redfin.com/FL/Lauderhill/3776-Inverrary-Blvd-33319/unit-308R/home/41589757,Beaches MLS,RX-10779224,N,Y,26.1705972,-80.2352912
MLS Listing,,Single Family Residential,1890 NW 32nd Ave,Lauderhill,FL,33311,325000,3,1,WESTWOOD PARK SEC 1,1140,7864,1962,2,285,,Active,,,https://www.redfin.com/FL/Fort-Lauderdale/1890-NW-32nd-Ave-33311/home/41682373,MARMLS,A11165402,N,Y,26.1504861,-80.189054
MLS Listing,,Condo/Co-op,712 SW 73rd Ave #33,North Lauderdale,FL,33068,129900,2,2,Sugar Springs 2,1120,,1974,2,116,285,Active,,,https://www.redfin.com/FL/North-Lauderdale/712-SW-73rd-Ave-33068/unit-33/home/41541290,Beaches MLS,F10319800,N,Y,26.221725,-80.222838
MLS Listing,,Condo/Co-op,3070 NW 48th Ter #211,Lauderdale Lakes,FL,33313,69000,1,1.5,Cypress Chase Condo,705,,1979,2,98,388,Active,,,https://www.redfin.com/FL/Lauderdale-Lakes/3070-NW-48th-Ter-33313/unit-211/home/41598612,Beaches MLS,F10316266,N,Y,26.1640419,-80.215052
MLS Listing,,Single Family Residential,5731 SW 4th Ct,Plantation,FL,33317,699900,4,4,Plantation Park Lakesites,2753,13040,1964,2,254,,Active,February-26-2022 02:00 PM,February-26-2022 04:00 PM,https://www.redfin.com/FL/Plantation/5731-SW-4th-Ct-33317/home/41759504,Beaches MLS,F10317582,N,Y,26.1151891,-80.2268377
MLS Listing,,Condo/Co-op,4980 E Sabal Palm Blvd #125,Tamarac,FL,33319,95000,2,2,Sabal Palm Village 2,940,,1974,2,101,331,Active,,,https://www.redfin.com/FL/Tamarac/4980-E-Sabal-Palm-Blvd-33319/unit-125/home/41569062,Beaches MLS,F10315623,N,Y,26.1976477,-80.216402
MLS Listing,,Condo/Co-op,10772 La Placida Dr #303,Coral Springs,FL,33065,174900,2,2,La Placida,1030,,1975,2,170,427,Active,February-27-2022 02:00 PM,February-27-2022 05:00 PM,https://www.redfin.com/FL/Coral-Springs/10772-La-Placida-Dr-33065/unit-303/home/178418035,Beaches MLS,F10319213,N,Y,26.275628,-80.269717
MLS Listing,,Condo/Co-op,3623 NW 35th St #1653,Coconut Creek,FL,33066,289999,3,2,Karanda Village Vl,1093,,1985,2,265,395,Active,,,https://www.redfin.com/FL/Coconut-Creek/3623-NW-35th-St-33066/unit-1653/home/41481875,Beaches MLS,F10318977,N,Y,26.2709282,-80.1802228
MLS Listing,,Townhouse,4430 Hidden Harbour Ter,Dania Beach,FL,33312,630000,3,2.5,Cape Fear,2658,3689,2007,2,237,635,Active,,,https://www.redfin.com/FL/Fort-Lauderdale/4430-Hidden-Harbour-Ter-33312/home/42066127,Beaches MLS,RX-10779206,N,Y,26.066922,-80.181334
MLS Listing,,Condo/Co-op,3404 Bimini Ln Unit N4,Coconut Creek,FL,33066,248900,2,2,Bimini Village D Condo,1115,,1984,2,223,544,Active,,,https://www.redfin.com/FL/Coconut-Creek/3404-Bimini-Ln-33066/unit-N4/home/41495201,Beaches MLS,RX-10779205,N,Y,26.2511522,-80.1734257
MLS Listing,,Condo/Co-op,6035 Bayview Dr #6035,Fort Lauderdale,FL,33308,450000,3,3,Bayview Village,1515,,1973,2,297,317,Active,,,https://www.redfin.com/FL/Fort-Lauderdale/6035-Bayview-Dr-33308/unit-6035/home/178417976,Beaches MLS,F10319789,N,Y,26.2037668,-80.1068721
MLS Listing,,Single Family Residential,219 Holiday Dr,Hallandale Beach,FL,33009,7499000,6,6.5,GOLDEN ISLES ESTATES FIRS,6393,12750,2013,2,1173,,Active,,,https://www.redfin.com/FL/Hallandale-Beach/219-Holiday-Dr-33009/home/42004395,MARMLS,A11163479,N,Y,25.9746878,-80.1258912
MLS Listing,,Single Family Residential,4765 NW 122nd Dr,Coral Springs,FL,33076,599000,4,3.5,Wyndham Lakes,2732,5872,2003,2,219,55,Active,February-27-2022 11:00 AM,February-27-2022 03:00 PM,https://www.redfin.com/FL/Coral-Springs/4765-NW-122nd-Dr-33076/home/41987215,Beaches MLS,F10319453,N,Y,26.2896724,-80.2897298
MLS Listing,,Single Family Residential,11385 NW 1st Ct,Coral Springs,FL,33071,600000,4,2,Cypress Glen 104-26 B,2184,18587,1985,2,275,,Active,,,https://www.redfin.com/FL/Coral-Springs/11385-NW-1st-Ct-33071/home/41445746,Beaches MLS,F10319343,N,Y,26.232259,-80.2775819
MLS Listing,,Single Family Residential,1515 N 59th Ter,Hollywood,FL,33021,350000,2,1,HOLLYWOOD COUNTRY ESTATES,1083,6873,1954,2,323,,Active,,,https://www.redfin.com/FL/Hollywood/1515-N-59th-Ter-33021/home/41882823,MARMLS,A11165459,N,Y,26.0236224,-80.2062701
MLS Listing,,Condo/Co-op,2804 Center Court Dr Unit 4-29,Weston,FL,33332,679000,3,3,COURTSIDE AT WESTON HILLS,2290,,2001,2,297,533,Active,,,https://www.redfin.com/FL/Weston/2804-Center-Ct-Dr-33332/unit-4-29/home/42003427,MARMLS,A11164787,N,Y,26.094582,-80.3925253
MLS Listing,,Single Family Residential,6232 NW 15th Ct,Margate,FL,33063,365000,4,1,Margate 4th Add 46-27 B,1077,7507,1958,2,339,,Pre On-Market,,,https://www.redfin.com/FL/Margate/6232-NW-15th-Ct-33063/home/41435568,Beaches MLS,F10319784,N,Y,26.2468552,-80.2083184
MLS Listing,,Single Family Residential,13711 SW 29th St,Davie,FL,33330,1400000,4,2.5,PARADISE FARMS,2662,87120,1964,2,526,,Active,,,https://www.redfin.com/FL/Davie/13711-SW-29th-St-33330/home/41738664,MARMLS,A11165274,N,Y,26.0843166,-80.3318205
MLS Listing,,Condo/Co-op,3521 Environ Blvd Unit B309,Lauderhill,FL,33319,199000,2,2,LAKES OF ENVIRON CONDO,1220,,1981,2,163,467,Active,,,https://www.redfin.com/FL/Lauderhill/3521-Environ-Blvd-33319/unit-B309/home/41584514,MARMLS,A11165466,N,Y,26.170238,-80.241039
MLS Listing,,Condo/Co-op,201 N Ocean Blvd #206,Pompano Beach,FL,33062,244900,1,1,Granada House,775,,1966,2,316,397,Active,,,https://www.redfin.com/FL/Pompano-Beach/201-N-Ocean-Blvd-33062/unit-206/home/41525021,Beaches MLS,F10319776,N,Y,26.2360464,-80.0911395
MLS Listing,,Single Family Residential,5224 NE 3rd Ave,Oakland Park,FL,33334,300000,3,2,NORTH ANDREWS TERRACE SEC,1250,5664,1963,2,240,,Active,,,https://www.redfin.com/FL/Fort-Lauderdale/5224-NE-3rd-Ave-33334/home/41658995,MARMLS,A11165433,N,Y,26.1914911,-80.1427602
MLS Listing,,Single Family Residential,2989 SW 161st Ave,Miramar,FL,33027,849900,5,3,NORTH 29 ASSOC,2637,9250,2003,2,322,256,Active,,,https://www.redfin.com/FL/Miramar/2989-SW-161st-Ave-33027/home/42003765,MARMLS,A11157302,N,Y,25.9812718,-80.3605362
MLS Listing,,Single Family Residential,11828 NW 30th St,Coral Springs,FL,33065,525000,3,2,Coral Spgs Country Club,1839,8697,1973,2,285,,Active,,,https://www.redfin.com/FL/Coral-Springs/11828-NW-30th-St-33065/home/41420734,Beaches MLS,F10318576,N,Y,26.2679447,-80.2841785
MLS Listing,,Condo/Co-op,2110 NE 39th St Unit A7,Fort Lauderdale,FL,33308,195000,1,1,Costa Crest,651,,1973,2,300,375,Active,,,https://www.redfin.com/FL/Fort-Lauderdale/2110-NE-39th-St-33308/unit-A7/home/178417814,Beaches MLS,F10319758,N,Y,26.176504,-80.117714
MLS Listing,,Single Family Residential,3810 SW 51st St,Fort Lauderdale,FL,33312,640000,3,2.5,Maple Ridge,2096,3600,2001,2,305,149,Active,,,https://www.redfin.com/FL/Fort-Lauderdale/3810-SW-51st-St-33312/home/42009012,Beaches MLS,F10319050,N,Y,26.058851,-80.1977496
MLS Listing,,Condo/Co-op,6451 N University Dr #216,Tamarac,FL,33321,130000,2,2,Concord Village #1,1032,,1979,2,126,295,Active,,,https://www.redfin.com/FL/Tamarac/6451-N-University-Dr-33321/unit-216/home/41561132,Beaches MLS,F10319426,N,Y,26.2047166,-80.2530847
MLS Listing,,Condo/Co-op,300 NE 14th Ave #508,Hallandale Beach,FL,33009,149000,1,1.5,FAIRWAY SOUTH CO-OP,830,,1968,2,180,278,Active,,,https://www.redfin.com/FL/Hallandale-Beach/300-NE-14th-Ave-33009/unit-508/home/41974723,MARMLS,A11165265,N,Y,25.9895233,-80.1341
MLS Listing,,Townhouse,6621 Winfield Blvd Unit 4-3,Margate,FL,33063,260000,3,2.5,COVENTRY HOUSE,1190,,2005,2,218,122,Active,,,https://www.redfin.com/FL/Margate/6621-Winfield-Blvd-33063/unit-4-3/home/42043993,MARMLS,A11165169,N,Y,26.2593799,-80.2148333
MLS Listing,,Townhouse,1749 NW 80th Ave Unit C,Margate,FL,33063,315000,3,2.5,Townhomes Of Oriole,1540,,1979,2,205,283,Active,,,https://www.redfin.com/FL/Margate/1749-NW-80th-Ave-33063/unit-C/home/41439415,Beaches MLS,F10319757,N,Y,26.2502266,-80.2319135
MLS Listing,,Single Family Residential,9726 NW 65th St Unit D11,Tamarac,FL,33321,225000,2,2,SPYGLASS 1 CONDO,1100,,1974,2,205,385,Active,February-26-2022 12:00 AM,February-26-2022 11:59 PM,https://www.redfin.com/FL/Tamarac/9726-Oakburst-Ln-33321/unit-D11/home/41556817,MARMLS,A11165420,N,Y,26.202836,-80.28098
MLS Listing,,Condo/Co-op,326 Madison St #1,Hollywood,FL,33019,675000,2,2,Hollywood Beach,819,,1953,2,824,,Active,,,https://www.redfin.com/FL/Hollywood/326-Madison-St-33019/unit-1/home/178417757,Beaches MLS,F10319772,N,Y,26.0075456,-80.1168392
MLS Listing,,Townhouse,8656 Blaze Ct Unit 3-3,Davie,FL,33328,475000,3,3,Cimarron,2070,,2005,2,229,320,Active,,,https://www.redfin.com/FL/Cooper-City/8656-Blaze-Ct-33328/unit-3-3/home/42037275,Beaches MLS,F10319592,N,Y,26.0656531,-80.261861
